Timestamp,Object ID,Classification,Tracking Counter,Confidence
2022-06-28 13:07:28.593479,1,person,1,0.66503346
2022-06-28 13:07:28.595479,2,motorbike,1,0.6522185
2022-06-28 13:07:28.598608,3,car,1,0.61318326
2022-06-28 13:07:28.602629,3,car,1,0.600747
2022-06-28 13:07:28.923734,3,person,1,0.66053635
2022-06-28 13:07:28.925732,3,car,1,0.6345354
2022-06-28 13:07:28.928716,3,motorbike,1,0.6259065
2022-06-28 13:07:28.930719,4,car,2,0.6185524
2022-06-28 13:07:28.933720,4,car,2,0.60256886
2022-06-28 13:07:29.050395,5,person,2,0.65263027
2022-06-28 13:07:29.052395,5,car,2,0.6344411
2022-06-28 13:07:29.055395,5,motorbike,1,0.62669104
2022-06-28 13:07:29.057299,6,car,3,0.61788434
2022-06-28 13:07:29.060302,6,car,3,0.6020295
2022-06-28 13:07:29.162369,6,person,2,0.66779697
2022-06-28 13:07:29.165374,6,car,3,0.62881565
2022-06-28 13:07:29.167679,6,motorbike,1,0.6222986
2022-06-28 13:07:29.170681,7,car,4,0.6074927
2022-06-28 13:07:29.291926,7,person,2,0.6666123
2022-06-28 13:07:29.293930,7,car,4,0.63106334
2022-06-28 13:07:29.295942,7,motorbike,1,0.62961686
2022-06-28 13:07:29.395245,8,car,5,0.69158083
2022-06-28 13:07:29.399236,8,person,2,0.65941936
2022-06-28 13:07:29.403237,8,car,5,0.6561006
2022-06-28 13:07:29.406237,8,car,5,0.6402305
2022-06-28 13:07:29.409436,8,motorbike,1,0.63564795
2022-06-28 13:07:29.513096,9,car,6,0.6907954
2022-06-28 13:07:29.516671,9,person,2,0.66419196
2022-06-28 13:07:29.518660,9,car,6,0.66014457
2022-06-28 13:07:29.521673,9,car,6,0.640707
2022-06-28 13:07:29.524660,9,motorbike,1,0.6357739
2022-06-28 13:07:29.638161,10,car,7,0.70803386
2022-06-28 13:07:29.642162,10,car,7,0.6742724
2022-06-28 13:07:29.645163,10,motorbike,1,0.67143303
2022-06-28 13:07:29.648164,11,person,3,0.66402215
2022-06-28 13:07:29.651164,12,person,4,0.6300483
2022-06-28 13:07:29.654164,12,car,7,0.61801285
2022-06-28 13:07:29.657164,12,car,7,0.6025163
2022-06-28 13:07:29.747612,12,car,7,0.66614825
2022-06-28 13:07:29.749636,12,motorbike,1,0.6557595
2022-06-28 13:07:29.753619,13,person,5,0.65562284
2022-06-28 13:07:29.755620,13,car,7,0.6464424
2022-06-28 13:07:29.761044,14,person,6,0.63073665
2022-06-28 13:07:29.870137,14,car,7,0.6665731
2022-06-28 13:07:29.874138,14,person,6,0.65482455
2022-06-28 13:07:29.876138,14,motorbike,1,0.65140164
2022-06-28 13:07:29.879455,15,car,8,0.64538246
2022-06-28 13:07:29.885456,16,person,7,0.6310914
2022-06-28 13:07:30.004559,16,car,8,0.68650246
2022-06-28 13:07:30.007586,16,motorbike,1,0.68474656
2022-06-28 13:07:30.010586,17,car,9,0.65853786
2022-06-28 13:07:30.014591,17,person,7,0.653313
2022-06-28 13:07:30.017681,17,car,9,0.64079154
2022-06-28 13:07:30.021690,17,car,9,0.62824446
2022-06-28 13:07:30.024689,18,person,8,0.61937755
2022-06-28 13:07:30.027720,18,car,9,0.6059492
2022-06-28 13:07:30.131771,18,motorbike,1,0.7069755
2022-06-28 13:07:30.135776,19,car,10,0.6796093
2022-06-28 13:07:30.138330,19,car,10,0.64906055
2022-06-28 13:07:30.142330,19,person,8,0.6438044
2022-06-28 13:07:30.147331,19,car,10,0.637013
2022-06-28 13:07:30.151333,19,car,10,0.63556737
2022-06-28 13:07:30.154345,19,car,10,0.6276366
2022-06-28 13:07:30.158931,19,motorbike,1,0.60545474
2022-06-28 13:07:30.254472,20,car,11,0.6898749
2022-06-28 13:07:30.257410,20,motorbike,1,0.68711483
2022-06-28 13:07:30.261400,21,car,12,0.65648055
2022-06-28 13:07:30.264392,21,car,12,0.65496373
2022-06-28 13:07:30.268392,21,car,12,0.6539485
2022-06-28 13:07:30.272394,21,person,8,0.6477307
2022-06-28 13:07:30.275394,22,person,9,0.6426636
2022-06-28 13:07:30.279407,22,car,12,0.64200586
2022-06-28 13:07:30.378525,22,motorbike,1,0.6967993
2022-06-28 13:07:30.381524,23,car,13,0.6877557
2022-06-28 13:07:30.384524,23,car,13,0.657362
2022-06-28 13:07:30.388134,23,car,13,0.6554707
2022-06-28 13:07:30.392129,23,car,13,0.6549984
2022-06-28 13:07:30.396132,23,person,9,0.6442406
2022-06-28 13:07:30.400131,24,person,10,0.64383507
2022-06-28 13:07:30.404133,24,car,13,0.6427954
2022-06-28 13:07:30.502975,24,car,13,0.69058764
2022-06-28 13:07:30.506257,24,car,13,0.6896079
2022-06-28 13:07:30.509266,24,car,13,0.6863818
2022-06-28 13:07:30.513252,24,car,13,0.66715467
2022-06-28 13:07:30.517254,25,person,11,0.6460314
2022-06-28 13:07:30.521253,26,person,12,0.6416669
2022-06-28 13:07:30.525251,26,motorbike,1,0.63817585
2022-06-28 13:07:30.528461,26,car,13,0.6327862
2022-06-28 13:07:30.627223,26,car,13,0.7017901
2022-06-28 13:07:30.630424,26,car,13,0.6857624
2022-06-28 13:07:30.634423,26,car,13,0.68367726
2022-06-28 13:07:30.639423,26,car,13,0.6490643
2022-06-28 13:07:30.643444,27,person,13,0.638871
2022-06-28 13:07:30.647531,28,person,14,0.63137686
2022-06-28 13:07:30.652284,28,motorbike,1,0.60211396
2022-06-28 13:07:30.754588,29,car,14,0.6975494
2022-06-28 13:07:30.758300,29,car,14,0.6854439
2022-06-28 13:07:30.761301,29,car,14,0.683353
2022-06-28 13:07:30.764302,29,car,14,0.64870816
2022-06-28 13:07:30.767270,30,person,15,0.63812435
2022-06-28 13:07:30.770281,31,person,16,0.63145846
2022-06-28 13:07:30.775270,31,motorbike,1,0.60452133
2022-06-28 13:07:30.860977,32,car,15,0.7031687
2022-06-28 13:07:30.864986,32,car,15,0.6827371
2022-06-28 13:07:30.867994,32,car,15,0.6684416
2022-06-28 13:07:30.871976,32,car,15,0.63813186
2022-06-28 13:07:30.875996,32,car,15,0.62682945
2022-06-28 13:07:30.881845,32,person,16,0.624254
2022-06-28 13:07:30.992293,32,car,15,0.6673972
2022-06-28 13:07:30.995297,32,person,16,0.6605012
2022-06-28 13:07:30.998963,33,person,17,0.61197114
2022-06-28 13:07:31.001967,33,car,15,0.61106044
2022-06-28 13:07:31.004967,33,car,15,0.60246444
2022-06-28 13:07:31.104212,33,car,15,0.65729314
2022-06-28 13:07:31.107216,33,person,17,0.6479937
2022-06-28 13:07:31.110235,33,person,17,0.6425379
2022-06-28 13:07:31.113238,34,person,18,0.63991386
2022-06-28 13:07:31.117223,34,car,15,0.6129649
2022-06-28 13:07:31.210000,34,car,15,0.65648997
2022-06-28 13:07:31.213994,34,person,18,0.6484944
2022-06-28 13:07:31.215996,35,person,19,0.6423361
2022-06-28 13:07:31.219016,35,person,19,0.63910556
2022-06-28 13:07:31.222004,35,car,15,0.6131871
2022-06-28 13:07:31.312062,36,person,20,0.65135044
2022-06-28 13:07:31.315054,37,person,21,0.64386314
2022-06-28 13:07:31.318157,37,person,21,0.6395254
2022-06-28 13:07:31.321139,37,car,15,0.6343182
2022-06-28 13:07:31.324144,37,car,15,0.62690336
2022-06-28 13:07:31.437337,37,person,21,0.65161705
2022-06-28 13:07:31.440357,37,person,21,0.65019935
2022-06-28 13:07:31.444358,37,car,15,0.6482299
2022-06-28 13:07:31.448217,37,car,15,0.6392562
2022-06-28 13:07:31.451239,38,person,22,0.6107031
2022-06-28 13:07:31.561705,38,person,22,0.65247273
2022-06-28 13:07:31.564704,39,person,23,0.6508057
2022-06-28 13:07:31.567384,39,car,15,0.6462782
2022-06-28 13:07:31.569381,39,car,15,0.6404699
2022-06-28 13:07:31.572382,40,person,24,0.6018553
2022-06-28 13:07:31.664272,40,person,24,0.67285085
2022-06-28 13:07:31.666955,40,car,15,0.6708638
2022-06-28 13:07:31.670944,41,person,25,0.6571709
2022-06-28 13:07:31.673947,42,person,26,0.64159805
2022-06-28 13:07:31.677945,42,motorbike,1,0.6285575
2022-06-28 13:07:31.681964,43,car,16,0.6208534
2022-06-28 13:07:31.687005,43,car,16,0.6137303
2022-06-28 13:07:31.691240,43,person,26,0.6120193
2022-06-28 13:07:31.796952,43,motorbike,1,0.6992249
2022-06-28 13:07:31.801955,44,person,27,0.6724901
2022-06-28 13:07:31.805953,45,person,28,0.63246155
2022-06-28 13:07:31.809696,45,car,16,0.63228106
2022-06-28 13:07:31.814695,46,person,29,0.6277794
2022-06-28 13:07:31.819697,46,car,16,0.6212815
2022-06-28 13:07:31.824678,46,car,16,0.6146877
2022-06-28 13:07:31.829680,46,person,29,0.6146192
2022-06-28 13:07:31.834681,46,car,16,0.60411876
2022-06-28 13:07:31.935210,46,person,29,0.67523575
2022-06-28 13:07:31.938203,46,car,16,0.66225404
2022-06-28 13:07:31.941213,46,motorbike,1,0.6410101
2022-06-28 13:07:31.944203,46,person,29,0.63250244
2022-06-28 13:07:31.947428,46,person,29,0.62518233
2022-06-28 13:07:31.951411,46,car,16,0.61071736
2022-06-28 13:07:31.955431,47,person,30,0.6022648
2022-06-28 13:07:32.042680,47,person,30,0.6752641
2022-06-28 13:07:32.045681,47,car,16,0.66395277
2022-06-28 13:07:32.049686,47,motorbike,1,0.64885515
2022-06-28 13:07:32.052690,47,person,30,0.6345434
2022-06-28 13:07:32.055688,47,person,30,0.6249575
2022-06-28 13:07:32.059695,47,car,16,0.6118827
2022-06-28 13:07:32.155349,47,car,16,0.66407233
2022-06-28 13:07:32.158746,47,person,30,0.6557292
2022-06-28 13:07:32.161750,48,person,31,0.6456324
2022-06-28 13:07:32.166333,48,person,31,0.6415836
2022-06-28 13:07:32.169337,48,car,16,0.63468343
2022-06-28 13:07:32.174337,48,car,16,0.6134616
2022-06-28 13:07:32.280064,48,car,16,0.68537736
2022-06-28 13:07:32.284068,48,person,31,0.6599507
2022-06-28 13:07:32.287068,48,car,16,0.6430405
2022-06-28 13:07:32.290071,48,car,16,0.6403918
2022-06-28 13:07:32.294071,48,person,31,0.6314519
2022-06-28 13:07:32.297140,48,person,31,0.6305712
2022-06-28 13:07:32.301132,48,motorbike,1,0.6118323
2022-06-28 13:07:32.304132,49,person,32,0.6088477
2022-06-28 13:07:32.308133,49,car,16,0.6003594
2022-06-28 13:07:32.403947,49,car,16,0.6920598
2022-06-28 13:07:32.406954,49,person,32,0.67891216
2022-06-28 13:07:32.409964,49,person,32,0.6510782
2022-06-28 13:07:32.413952,49,car,16,0.65060204
2022-06-28 13:07:32.416977,49,motorbike,1,0.6445587
2022-06-28 13:07:32.421083,49,car,16,0.63360655
2022-06-28 13:07:32.424082,49,person,32,0.6145817
2022-06-28 13:07:32.427084,49,car,16,0.6039441
2022-06-28 13:07:32.527040,49,car,16,0.6913319
2022-06-28 13:07:32.530041,49,person,32,0.6790719
2022-06-28 13:07:32.533042,49,motorbike,1,0.6552617
2022-06-28 13:07:32.537092,49,person,32,0.65045077
2022-06-28 13:07:32.541053,49,car,16,0.64931405
2022-06-28 13:07:32.544047,49,car,16,0.63115203
2022-06-28 13:07:32.547042,49,person,32,0.60867107
2022-06-28 13:07:32.550046,49,car,16,0.60361284
2022-06-28 13:07:32.658240,49,motorbike,1,0.693736
2022-06-28 13:07:32.662219,50,car,17,0.6874072
2022-06-28 13:07:32.665218,50,person,32,0.6801492
2022-06-28 13:07:32.668239,50,person,32,0.65631074
2022-06-28 13:07:32.673240,50,car,17,0.6383917
2022-06-28 13:07:32.678782,50,motorbike,1,0.63383526
2022-06-28 13:07:32.683783,50,car,17,0.63077754
2022-06-28 13:07:32.692811,50,car,17,0.6062366
2022-06-28 13:07:32.809871,50,car,17,0.70955026
2022-06-28 13:07:32.812871,50,car,17,0.6536119
2022-06-28 13:07:32.815872,50,person,32,0.63127995
2022-06-28 13:07:32.819873,51,person,33,0.6289923
2022-06-28 13:07:32.822874,51,person,33,0.61415744
2022-06-28 13:07:32.827902,51,motorbike,1,0.61191595
2022-06-28 13:07:32.933827,52,car,18,0.7113208
2022-06-28 13:07:32.936828,52,car,18,0.65360844
2022-06-28 13:07:32.939827,52,person,33,0.6303918
2022-06-28 13:07:32.943830,52,person,33,0.62839204
2022-06-28 13:07:32.948157,52,person,33,0.61267465
2022-06-28 13:07:32.952138,52,motorbike,1,0.60343516
2022-06-28 13:07:33.058218,53,car,19,0.71251535
2022-06-28 13:07:33.061232,53,person,33,0.6492121
2022-06-28 13:07:33.063221,53,car,19,0.63747823
2022-06-28 13:07:33.067252,53,person,33,0.628032
2022-06-28 13:07:33.070222,53,person,33,0.6097149
2022-06-28 13:07:33.172243,53,car,19,0.7136565
2022-06-28 13:07:33.175244,53,person,33,0.64050686
2022-06-28 13:07:33.177247,53,person,33,0.6313006
2022-06-28 13:07:33.180261,53,car,19,0.6238778
2022-06-28 13:07:33.183261,53,motorbike,1,0.60829616
2022-06-28 13:07:33.275616,54,car,20,0.70999664
2022-06-28 13:07:33.278033,54,person,33,0.6421603
2022-06-28 13:07:33.281027,54,motorbike,1,0.6415735
2022-06-28 13:07:33.284016,54,person,33,0.637945
2022-06-28 13:07:33.288015,54,car,20,0.61829215
2022-06-28 13:07:33.384234,54,car,20,0.7089016
2022-06-28 13:07:33.386238,54,person,33,0.643152
2022-06-28 13:07:33.389239,54,motorbike,1,0.64274263
2022-06-28 13:07:33.392241,54,person,33,0.6373792
2022-06-28 13:07:33.395241,54,car,20,0.6175663
2022-06-28 13:07:33.502582,54,car,20,0.7172993
2022-06-28 13:07:33.505606,54,person,33,0.6527422
2022-06-28 13:07:33.508175,55,person,34,0.628677
2022-06-28 13:07:33.511176,55,motorbike,1,0.618938
2022-06-28 13:07:33.515177,55,car,20,0.61226946
2022-06-28 13:07:33.518272,55,car,20,0.60476077
2022-06-28 13:07:33.628748,55,car,20,0.7162654
2022-06-28 13:07:33.630771,55,person,34,0.6498546
2022-06-28 13:07:33.633796,56,person,35,0.62223613
2022-06-28 13:07:33.635796,56,motorbike,1,0.6081694
2022-06-28 13:07:33.736490,57,car,21,0.7166077
2022-06-28 13:07:33.739674,57,person,35,0.65016687
2022-06-28 13:07:33.742675,58,person,36,0.62273777
2022-06-28 13:07:33.744667,58,motorbike,1,0.6087288
2022-06-28 13:07:33.847841,59,car,22,0.7048968
2022-06-28 13:07:33.850842,59,person,36,0.6253451
2022-06-28 13:07:33.853825,60,person,37,0.62482595
2022-06-28 13:07:33.857799,60,car,22,0.60571855
2022-06-28 13:07:33.959128,60,car,22,0.7041674
2022-06-28 13:07:33.962137,60,car,22,0.6429365
2022-06-28 13:07:33.966118,60,person,37,0.63365626
2022-06-28 13:07:33.969119,61,person,38,0.6333738
2022-06-28 13:07:33.972118,61,car,22,0.608593
2022-06-28 13:07:33.975120,61,car,22,0.6064626
2022-06-28 13:07:34.069251,61,car,22,0.69480366
2022-06-28 13:07:34.071264,61,car,22,0.6526538
2022-06-28 13:07:34.074264,61,person,38,0.63292634
2022-06-28 13:07:34.077273,61,car,22,0.6233069
2022-06-28 13:07:34.082273,61,car,22,0.6070357
2022-06-28 13:07:34.191580,61,car,22,0.69544
2022-06-28 13:07:34.194581,61,car,22,0.65628403
2022-06-28 13:07:34.198580,61,person,38,0.6346565
2022-06-28 13:07:34.201599,61,car,22,0.6327641
2022-06-28 13:07:34.204585,61,car,22,0.60622716
2022-06-28 13:07:34.305358,61,car,22,0.69159734
2022-06-28 13:07:34.307500,61,person,38,0.63753825
2022-06-28 13:07:34.309503,61,car,22,0.6354856
2022-06-28 13:07:34.409227,61,car,22,0.685941
2022-06-28 13:07:34.412229,61,car,22,0.64375955
2022-06-28 13:07:34.415229,61,person,38,0.6389814
2022-06-28 13:07:34.419212,61,car,22,0.6181201
2022-06-28 13:07:34.423211,61,person,38,0.60606164
2022-06-28 13:07:34.523881,61,car,22,0.6877945
2022-06-28 13:07:34.525894,61,car,22,0.6438006
2022-06-28 13:07:34.528804,61,person,38,0.63424474
2022-06-28 13:07:34.530803,61,car,22,0.6147139
2022-06-28 13:07:34.533804,61,person,38,0.60320973
2022-06-28 13:07:34.626466,61,car,22,0.65942305
2022-06-28 13:07:34.629466,61,person,38,0.6411936
2022-06-28 13:07:34.632467,61,car,22,0.6333073
2022-06-28 13:07:34.635468,61,car,22,0.63320506
2022-06-28 13:07:34.638212,61,car,22,0.6160386
2022-06-28 13:07:34.727291,61,car,22,0.6426766
2022-06-28 13:07:34.729295,61,person,38,0.64179754
2022-06-28 13:07:34.732298,61,car,22,0.6111844
2022-06-28 13:07:34.735299,61,car,22,0.60603255
2022-06-28 13:07:34.738297,61,car,22,0.60266155
2022-06-28 13:07:34.837110,61,car,22,0.6795688
2022-06-28 13:07:34.840083,61,person,38,0.6484463
2022-06-28 13:07:34.843083,61,car,22,0.6338088
2022-06-28 13:07:34.846085,61,car,22,0.6086962
2022-06-28 13:07:34.849087,61,car,22,0.60519236
2022-06-28 13:07:34.852098,61,car,22,0.60490227
2022-06-28 13:07:34.934302,61,car,22,0.67967385
2022-06-28 13:07:34.937386,61,person,38,0.6446357
2022-06-28 13:07:34.940381,61,car,22,0.6331761
2022-06-28 13:07:34.943369,61,car,22,0.6071611
2022-06-28 13:07:34.945863,61,car,22,0.60389245
2022-06-28 13:07:34.948854,61,car,22,0.60388917
2022-06-28 13:07:35.034311,61,car,22,0.6806672
2022-06-28 13:07:35.037592,61,person,38,0.6403712
2022-06-28 13:07:35.040579,61,car,22,0.6185485
2022-06-28 13:07:35.043580,61,car,22,0.6065827
2022-06-28 13:07:35.046572,61,car,22,0.6011811
2022-06-28 13:07:35.122122,61,car,22,0.70278615
2022-06-28 13:07:35.124124,61,person,38,0.649448
2022-06-28 13:07:35.220059,61,car,22,0.70514774
2022-06-28 13:07:35.222079,61,person,38,0.65172035
2022-06-28 13:07:35.292320,61,car,22,0.7031392
2022-06-28 13:07:35.295301,61,person,38,0.6521558
2022-06-28 13:07:35.372517,61,car,22,0.71382785
2022-06-28 13:07:35.376162,61,person,38,0.6491175
2022-06-28 13:07:35.378144,61,car,22,0.6113662
2022-06-28 13:07:35.449922,61,car,22,0.7201087
2022-06-28 13:07:35.451931,61,person,38,0.6382597
2022-06-28 13:07:35.453926,61,car,22,0.6070632
2022-06-28 13:07:35.455926,61,car,22,0.6027325
2022-06-28 13:07:35.527375,61,car,22,0.7196119
2022-06-28 13:07:35.529372,61,person,38,0.63965553
2022-06-28 13:07:35.531370,61,car,22,0.61040455
2022-06-28 13:07:35.533378,61,car,22,0.6065836
2022-06-28 13:07:35.601104,61,car,22,0.74498075
2022-06-28 13:07:35.603115,61,person,38,0.6391768
2022-06-28 13:07:35.605115,61,car,22,0.6151445
2022-06-28 13:07:35.607127,61,car,22,0.61476755
2022-06-28 13:07:35.677397,61,car,22,0.7383922
2022-06-28 13:07:35.679145,61,car,22,0.6276232
2022-06-28 13:07:35.682140,61,person,38,0.6260016
2022-06-28 13:07:35.684138,61,car,22,0.60777825
2022-06-28 13:07:35.754200,61,car,22,0.7360877
2022-06-28 13:07:35.757198,61,car,22,0.63460284
2022-06-28 13:07:35.759198,61,motorbike,1,0.6146927
2022-06-28 13:07:35.762201,61,car,22,0.6103371
2022-06-28 13:07:35.764202,61,person,38,0.60687494
2022-06-28 13:07:35.832257,61,car,22,0.7355439
2022-06-28 13:07:35.835260,61,car,22,0.6356359
2022-06-28 13:07:35.837271,61,car,22,0.6145365
2022-06-28 13:07:35.840277,61,motorbike,1,0.6128302
2022-06-28 13:07:35.843270,62,person,39,0.60472757
2022-06-28 13:07:35.917462,62,car,22,0.71488285
2022-06-28 13:07:35.920457,62,car,22,0.62002295
2022-06-28 13:07:35.922460,62,motorbike,1,0.6014114
2022-06-28 13:07:35.993750,63,car,23,0.70654035
2022-06-28 13:07:35.994749,63,motorbike,1,0.67543614
2022-06-28 13:07:35.996861,64,person,40,0.6096654
2022-06-28 13:07:36.065087,65,car,24,0.7057882
2022-06-28 13:07:36.067082,65,motorbike,1,0.67455834
2022-06-28 13:07:36.069081,66,person,41,0.6050042
2022-06-28 13:07:36.145235,67,car,25,0.73267055
2022-06-28 13:07:36.147109,67,car,25,0.6239832
2022-06-28 13:07:36.149110,67,car,25,0.62079555
2022-06-28 13:07:36.224388,67,car,25,0.7222031
2022-06-28 13:07:36.227018,67,motorbike,1,0.68987554
2022-06-28 13:07:36.230016,68,person,42,0.61819416
2022-06-28 13:07:36.234014,68,car,25,0.6013291
2022-06-28 13:07:36.309414,68,car,25,0.74339736
2022-06-28 13:07:36.312414,68,motorbike,1,0.64626306
2022-06-28 13:07:36.314409,69,person,43,0.6092199
2022-06-28 13:07:36.317383,69,car,25,0.6036945
2022-06-28 13:07:36.395115,69,car,25,0.7431644
2022-06-28 13:07:36.398094,69,motorbike,1,0.64427185
2022-06-28 13:07:36.402095,70,person,44,0.615987
2022-06-28 13:07:36.405097,70,car,25,0.6036511
2022-06-28 13:07:36.407112,71,person,45,0.6031715
2022-06-28 13:07:36.467326,72,car,26,0.7342617
2022-06-28 13:07:36.470310,72,motorbike,1,0.64270335
2022-06-28 13:07:36.472312,72,car,26,0.6188324
2022-06-28 13:07:36.474315,72,person,45,0.6084995
2022-06-28 13:07:36.477602,72,person,45,0.60219765
2022-06-28 13:07:36.564040,73,car,27,0.7208222
2022-06-28 13:07:36.566051,73,motorbike,1,0.638814
2022-06-28 13:07:36.569045,73,car,27,0.62344867
2022-06-28 13:07:36.571046,73,person,45,0.60901254
2022-06-28 13:07:36.648056,73,car,27,0.72008765
2022-06-28 13:07:36.650059,73,motorbike,1,0.63073575
2022-06-28 13:07:36.652052,73,car,27,0.62813836
2022-06-28 13:07:36.655060,73,car,27,0.6064713
2022-06-28 13:07:36.658053,74,person,46,0.60596883
2022-06-28 13:07:36.736302,74,car,27,0.7313119
2022-06-28 13:07:36.739284,74,car,27,0.64328337
2022-06-28 13:07:36.743289,74,motorbike,1,0.6126552
2022-06-28 13:07:36.818196,75,car,28,0.7248504
2022-06-28 13:07:36.821196,75,car,28,0.6592971
2022-06-28 13:07:36.823188,75,motorbike,1,0.63654405
2022-06-28 13:07:36.825198,75,car,28,0.60973096
2022-06-28 13:07:36.903851,75,car,28,0.731394
2022-06-28 13:07:36.906424,75,car,28,0.68260366
2022-06-28 13:07:36.908408,75,person,46,0.6059998
2022-06-28 13:07:36.911411,75,car,28,0.6052165
2022-06-28 13:07:36.913417,75,motorbike,1,0.60435736
2022-06-28 13:07:36.996522,76,car,29,0.73128957
2022-06-28 13:07:36.999517,76,car,29,0.68458927
2022-06-28 13:07:37.001513,76,person,46,0.6063791
2022-06-28 13:07:37.004505,76,car,29,0.6042878
2022-06-28 13:07:37.007558,76,motorbike,1,0.60185397
2022-06-28 13:07:37.090782,77,car,30,0.72693133
2022-06-28 13:07:37.092788,77,car,30,0.68994945
2022-06-28 13:07:37.095797,77,car,30,0.6479207
2022-06-28 13:07:37.099893,77,car,30,0.6425531
2022-06-28 13:07:37.101895,77,person,46,0.6195457
2022-06-28 13:07:37.104896,77,car,30,0.6123863
2022-06-28 13:07:37.217868,77,car,30,0.73617345
2022-06-28 13:07:37.220880,77,car,30,0.6864127
2022-06-28 13:07:37.222873,77,car,30,0.6528114
2022-06-28 13:07:37.224877,77,car,30,0.6511844
2022-06-28 13:07:37.226882,77,car,30,0.61320734
2022-06-28 13:07:37.229878,77,person,46,0.61085045
2022-06-28 13:07:37.318677,77,car,30,0.7381565
2022-06-28 13:07:37.321684,77,car,30,0.6872049
2022-06-28 13:07:37.323676,77,car,30,0.6527118
2022-06-28 13:07:37.326857,77,car,30,0.6525855
2022-06-28 13:07:37.329846,77,car,30,0.6139719
2022-06-28 13:07:37.331850,77,person,46,0.610669
2022-06-28 13:07:37.412943,77,car,30,0.7270331
2022-06-28 13:07:37.415937,77,car,30,0.7027626
2022-06-28 13:07:37.418375,77,car,30,0.6653705
2022-06-28 13:07:37.422374,77,car,30,0.6580634
2022-06-28 13:07:37.424367,77,car,30,0.6096361
2022-06-28 13:07:37.426921,77,car,30,0.6022331
2022-06-28 13:07:37.518359,77,car,30,0.7305524
2022-06-28 13:07:37.520360,77,car,30,0.6986394
2022-06-28 13:07:37.522360,77,car,30,0.66412175
2022-06-28 13:07:37.524369,77,car,30,0.6370658
2022-06-28 13:07:37.526442,77,car,30,0.60798573
2022-06-28 13:07:37.619590,77,car,30,0.71477413
2022-06-28 13:07:37.622584,77,car,30,0.708693
2022-06-28 13:07:37.624579,77,car,30,0.67236763
2022-06-28 13:07:37.627191,77,car,30,0.64908665
2022-06-28 13:07:37.702083,77,car,30,0.7152577
2022-06-28 13:07:37.704071,77,car,30,0.7089906
2022-06-28 13:07:37.706077,77,car,30,0.6721232
2022-06-28 13:07:37.708079,77,car,30,0.646421
2022-06-28 13:07:37.777909,77,car,30,0.7209904
2022-06-28 13:07:37.780922,77,car,30,0.71713537
2022-06-28 13:07:37.784920,77,car,30,0.68928254
2022-06-28 13:07:37.786920,77,car,30,0.66824156
2022-06-28 13:07:37.789912,77,car,30,0.6214258
2022-06-28 13:07:37.791921,77,person,46,0.6072846
2022-06-28 13:07:37.794913,77,car,30,0.6060564
2022-06-28 13:07:37.798039,77,car,30,0.60285044
2022-06-28 13:07:37.868383,77,car,30,0.7274205
2022-06-28 13:07:37.871244,77,car,30,0.7023876
2022-06-28 13:07:37.874239,77,car,30,0.6507938
2022-06-28 13:07:37.877240,77,car,30,0.6375602
2022-06-28 13:07:37.880243,77,person,46,0.611273
2022-06-28 13:07:37.883243,77,car,30,0.6074618
2022-06-28 13:07:37.885248,77,car,30,0.60277593
2022-06-28 13:07:37.968330,77,car,30,0.7183919
2022-06-28 13:07:37.971230,77,car,30,0.68170285
2022-06-28 13:07:37.974226,77,car,30,0.6601529
2022-06-28 13:07:37.977224,77,car,30,0.65351933
2022-06-28 13:07:37.980225,77,car,30,0.6521134
2022-06-28 13:07:37.983225,77,car,30,0.61588484
2022-06-28 13:07:37.987353,77,person,46,0.60232717
2022-06-28 13:07:38.055943,77,car,30,0.71887004
2022-06-28 13:07:38.057980,77,car,30,0.68345726
2022-06-28 13:07:38.060982,77,car,30,0.6621096
2022-06-28 13:07:38.062986,77,car,30,0.6541679
2022-06-28 13:07:38.065992,77,car,30,0.6531506
2022-06-28 13:07:38.069047,77,car,30,0.6169599
2022-06-28 13:07:38.145826,77,car,30,0.69935685
2022-06-28 13:07:38.148700,77,car,30,0.6954556
2022-06-28 13:07:38.151688,77,car,30,0.6528699
2022-06-28 13:07:38.154691,77,car,30,0.6428736
2022-06-28 13:07:38.157450,77,car,30,0.6336243
2022-06-28 13:07:38.159452,77,car,30,0.61715055
2022-06-28 13:07:38.162445,77,car,30,0.6166587
2022-06-28 13:07:38.245610,77,car,30,0.6779123
2022-06-28 13:07:38.248198,77,car,30,0.6732932
2022-06-28 13:07:38.251192,77,car,30,0.67073053
2022-06-28 13:07:38.253200,77,car,30,0.6587029
2022-06-28 13:07:38.256191,77,car,30,0.64482576
2022-06-28 13:07:38.259194,77,car,30,0.6010478
2022-06-28 13:07:38.339251,77,car,30,0.6796406
2022-06-28 13:07:38.344254,77,car,30,0.6779572
2022-06-28 13:07:38.347276,77,car,30,0.66891354
2022-06-28 13:07:38.351272,77,car,30,0.6574921
2022-06-28 13:07:38.354279,77,car,30,0.6482717
2022-06-28 13:07:38.356995,77,car,30,0.6043476
2022-06-28 13:07:38.360996,77,car,30,0.602056
2022-06-28 13:07:38.427828,77,car,30,0.6809544
2022-06-28 13:07:38.430833,77,car,30,0.67501074
2022-06-28 13:07:38.433843,77,car,30,0.66484475
2022-06-28 13:07:38.436838,77,car,30,0.64737064
2022-06-28 13:07:38.439843,77,car,30,0.6387
2022-06-28 13:07:38.442838,77,car,30,0.6293587
2022-06-28 13:07:38.444845,77,car,30,0.61949134
2022-06-28 13:07:38.447408,77,car,30,0.6125681
2022-06-28 13:07:38.522168,77,car,30,0.67976165
2022-06-28 13:07:38.524807,77,car,30,0.6789914
2022-06-28 13:07:38.527397,77,car,30,0.6677703
2022-06-28 13:07:38.530400,77,car,30,0.6441854
2022-06-28 13:07:38.533406,77,car,30,0.64245677
2022-06-28 13:07:38.536277,77,car,30,0.63788015
2022-06-28 13:07:38.538272,77,car,30,0.63131356
2022-06-28 13:07:38.542270,77,car,30,0.62714046
2022-06-28 13:07:38.619062,77,car,30,0.67336404
2022-06-28 13:07:38.623072,77,car,30,0.6395129
2022-06-28 13:07:38.625073,77,car,30,0.634095
2022-06-28 13:07:38.628082,77,car,30,0.62343884
2022-06-28 13:07:38.631078,77,car,30,0.6230985
2022-06-28 13:07:38.633083,77,car,30,0.6215746
2022-06-28 13:07:38.717154,77,car,30,0.6749125
2022-06-28 13:07:38.719148,77,car,30,0.64009815
2022-06-28 13:07:38.722141,77,car,30,0.6343576
2022-06-28 13:07:38.725150,77,car,30,0.62388086
2022-06-28 13:07:38.728160,77,car,30,0.6233302
2022-06-28 13:07:38.730159,77,car,30,0.62327814
2022-06-28 13:07:38.802804,77,car,30,0.6714046
2022-06-28 13:07:38.805792,77,car,30,0.65013635
2022-06-28 13:07:38.808365,77,car,30,0.6372434
2022-06-28 13:07:38.810367,77,car,30,0.63334054
2022-06-28 13:07:38.813374,77,car,30,0.61550933
2022-06-28 13:07:38.816389,77,person,46,0.60647655
2022-06-28 13:07:38.819553,77,car,30,0.6030547
2022-06-28 13:07:38.904315,77,car,30,0.6780734
2022-06-28 13:07:38.907215,77,car,30,0.65358114
2022-06-28 13:07:38.909231,77,car,30,0.6535732
2022-06-28 13:07:38.911232,77,car,30,0.642812
2022-06-28 13:07:38.914237,77,car,30,0.6198925
2022-06-28 13:07:38.917490,77,car,30,0.6165346
2022-06-28 13:07:38.920484,77,car,30,0.61460704
2022-06-28 13:07:38.998119,77,car,30,0.67865044
2022-06-28 13:07:39.000108,77,car,30,0.65468436
2022-06-28 13:07:39.003108,77,car,30,0.6534749
2022-06-28 13:07:39.005103,77,car,30,0.6424157
2022-06-28 13:07:39.010103,77,car,30,0.6196833
2022-06-28 13:07:39.015106,77,car,30,0.6161936
2022-06-28 13:07:39.018217,77,car,30,0.61568636
2022-06-28 13:07:39.097125,77,car,30,0.6667137
2022-06-28 13:07:39.100131,77,car,30,0.6647477
2022-06-28 13:07:39.104134,77,car,30,0.64611286
2022-06-28 13:07:39.108134,77,car,30,0.6323679
2022-06-28 13:07:39.111134,77,car,30,0.62901914
2022-06-28 13:07:39.115141,77,car,30,0.62649715
2022-06-28 13:07:39.119138,77,car,30,0.62438196
2022-06-28 13:07:39.122147,77,person,46,0.6135358
2022-06-28 13:07:39.202047,77,car,30,0.6472939
2022-06-28 13:07:39.205049,77,car,30,0.64306855
2022-06-28 13:07:39.207145,77,car,30,0.6297521
2022-06-28 13:07:39.210140,77,car,30,0.61184365
2022-06-28 13:07:39.213139,78,person,47,0.61139053
2022-06-28 13:07:39.216138,78,car,30,0.6047556
2022-06-28 13:07:39.219140,78,car,30,0.60378855
2022-06-28 13:07:39.291627,78,car,30,0.66598517
2022-06-28 13:07:39.293652,78,car,30,0.6268864
2022-06-28 13:07:39.295633,78,car,30,0.6103871
2022-06-28 13:07:39.297649,78,car,30,0.6094274
2022-06-28 13:07:39.299654,78,car,30,0.60438144
2022-06-28 13:07:39.386729,78,car,30,0.66492146
2022-06-28 13:07:39.389084,78,car,30,0.62675
2022-06-28 13:07:39.391085,78,car,30,0.60969347
2022-06-28 13:07:39.394078,78,car,30,0.6093144
2022-06-28 13:07:39.397085,78,person,47,0.6051842
2022-06-28 13:07:39.400085,78,car,30,0.60287815
2022-06-28 13:07:39.484128,78,car,30,0.6496508
2022-06-28 13:07:39.486130,78,person,47,0.6140761
2022-06-28 13:07:39.488127,78,car,30,0.61214197
2022-06-28 13:07:39.491126,78,car,30,0.61205155
2022-06-28 13:07:39.569851,78,car,30,0.6344127
2022-06-28 13:07:39.573849,78,person,47,0.61054844
2022-06-28 13:07:39.576851,78,car,30,0.60759753
2022-06-28 13:07:39.578850,78,person,47,0.6047634
2022-06-28 13:07:39.658334,78,car,30,0.63652694
2022-06-28 13:07:39.662320,78,car,30,0.6099195
2022-06-28 13:07:39.665307,78,person,47,0.60846514
2022-06-28 13:07:39.667912,78,person,47,0.60264444
2022-06-28 13:07:39.737995,78,car,30,0.6630752
2022-06-28 13:07:39.741981,78,car,30,0.64396733
2022-06-28 13:07:39.743987,78,car,30,0.64286727
2022-06-28 13:07:39.746977,78,car,30,0.62417924
2022-06-28 13:07:39.748985,79,person,48,0.61270666
2022-06-28 13:07:39.829901,79,car,30,0.63555807
2022-06-28 13:07:39.831912,79,car,30,0.6350989
2022-06-28 13:07:39.833920,79,car,30,0.6350952
2022-06-28 13:07:39.836879,79,car,30,0.6265757
2022-06-28 13:07:39.839885,80,person,49,0.6154595
2022-06-28 13:07:39.911502,80,car,30,0.6678482
2022-06-28 13:07:39.914514,80,car,30,0.64410174
2022-06-28 13:07:39.916515,80,person,49,0.6107385
2022-06-28 13:07:39.920516,80,car,30,0.61048263
2022-06-28 13:07:39.922517,80,car,30,0.6102956
2022-06-28 13:07:39.925511,80,car,30,0.607074
2022-06-28 13:07:39.996976,80,car,30,0.6680596
2022-06-28 13:07:39.998937,80,car,30,0.6468608
2022-06-28 13:07:40.001944,80,car,30,0.61395615
2022-06-28 13:07:40.004938,80,car,30,0.61303675
2022-06-28 13:07:40.008940,80,car,30,0.6060724
2022-06-28 13:07:40.010946,81,person,50,0.6023994
2022-06-28 13:07:40.100331,81,car,30,0.6585409
2022-06-28 13:07:40.102356,81,car,30,0.64187616
2022-06-28 13:07:40.104345,81,car,30,0.63865536
2022-06-28 13:07:40.108297,81,car,30,0.60728365
2022-06-28 13:07:40.112295,81,car,30,0.60131186
2022-06-28 13:07:40.186301,81,car,30,0.6844831
2022-06-28 13:07:40.189318,81,car,30,0.63651586
2022-06-28 13:07:40.266533,81,car,30,0.6879186
2022-06-28 13:07:40.269538,81,car,30,0.657822
2022-06-28 13:07:40.270529,81,motorbike,1,0.64137715
2022-06-28 13:07:40.353368,81,car,30,0.68897897
2022-06-28 13:07:40.356387,81,car,30,0.660737
2022-06-28 13:07:40.358420,81,motorbike,1,0.6437056
2022-06-28 13:07:40.427845,81,car,30,0.7099358
2022-06-28 13:07:40.429844,81,car,30,0.68771046
2022-06-28 13:07:40.431845,81,car,30,0.61099416
2022-06-28 13:07:40.507738,81,car,30,0.7020437
2022-06-28 13:07:40.509652,81,car,30,0.68385595
2022-06-28 13:07:40.587625,81,car,30,0.7018177
2022-06-28 13:07:40.590634,81,car,30,0.68544775
2022-06-28 13:07:40.667441,81,car,30,0.69936234
2022-06-28 13:07:40.669437,81,car,30,0.66397065
2022-06-28 13:07:40.744202,81,car,30,0.67341685
2022-06-28 13:07:40.746205,81,car,30,0.6215956
2022-06-28 13:07:40.828239,81,car,30,0.66296726
2022-06-28 13:07:40.830260,81,car,30,0.60882646
2022-06-28 13:07:40.832263,81,person,50,0.60120654
2022-06-28 13:07:40.835265,81,person,50,0.6007198
2022-06-28 13:07:40.909390,81,car,30,0.6619073
2022-06-28 13:07:40.911391,81,car,30,0.6075713
2022-06-28 13:07:40.913391,81,person,50,0.60302186
2022-06-28 13:07:40.991180,81,car,30,0.7083435
2022-06-28 13:07:40.992180,81,person,50,0.6346414
2022-06-28 13:07:41.074524,81,car,30,0.6909258
2022-06-28 13:07:41.077388,81,person,50,0.622383
2022-06-28 13:07:41.078375,81,car,30,0.607877
2022-06-28 13:07:41.147924,81,car,30,0.6942856
2022-06-28 13:07:41.149935,81,person,50,0.6210898
2022-06-28 13:07:41.151937,81,car,30,0.60752106
2022-06-28 13:07:41.234015,81,car,30,0.7080352
2022-06-28 13:07:41.236027,81,person,50,0.6217917
2022-06-28 13:07:41.238027,81,car,30,0.60962284
2022-06-28 13:07:41.241021,81,car,30,0.60639834
2022-06-28 13:07:41.245021,82,person,51,0.603985
2022-06-28 13:07:41.316893,82,car,30,0.70701337
2022-06-28 13:07:41.318888,82,person,51,0.64907324
2022-06-28 13:07:41.320889,82,car,30,0.62349737
2022-06-28 13:07:41.324881,82,car,30,0.615489
2022-06-28 13:07:41.326885,83,person,52,0.6139856
2022-06-28 13:07:41.409803,83,car,30,0.6851237
2022-06-28 13:07:41.412808,83,person,52,0.64317137
2022-06-28 13:07:41.415809,83,car,30,0.6182498
2022-06-28 13:07:41.418410,84,person,53,0.6138003
2022-06-28 13:07:41.420413,84,car,30,0.6129705
2022-06-28 13:07:41.495215,84,car,30,0.68677044
2022-06-28 13:07:41.498212,84,person,53,0.6410106
2022-06-28 13:07:41.500213,84,car,30,0.62194455
2022-06-28 13:07:41.503211,84,car,30,0.612451
2022-06-28 13:07:41.506208,85,person,54,0.61169165
2022-06-28 13:07:41.601266,85,car,30,0.6677021
2022-06-28 13:07:41.603267,86,person,55,0.6222655
2022-06-28 13:07:41.605915,86,car,30,0.62117547
2022-06-28 13:07:41.607909,86,person,55,0.61899143
2022-06-28 13:07:41.609910,86,car,30,0.60679233
2022-06-28 13:07:41.684806,86,car,30,0.6382373
2022-06-28 13:07:41.687773,86,person,55,0.6203538
2022-06-28 13:07:41.690768,87,person,56,0.61403966
2022-06-28 13:07:41.693769,87,car,30,0.6117949
2022-06-28 13:07:41.695777,87,car,30,0.61070055
2022-06-28 13:07:41.699060,87,person,56,0.60272205
2022-06-28 13:07:41.779104,87,car,30,0.6415832
2022-06-28 13:07:41.781106,87,person,56,0.61877775
2022-06-28 13:07:41.783092,87,car,30,0.61447936
2022-06-28 13:07:41.785091,88,person,57,0.6115841
2022-06-28 13:07:41.788101,88,car,30,0.60964286
2022-06-28 13:07:41.791092,88,person,57,0.6017339
2022-06-28 13:07:41.861619,88,car,30,0.62487954
2022-06-28 13:07:41.863643,88,car,30,0.61760336
2022-06-28 13:07:41.865634,89,person,58,0.6115675
2022-06-28 13:07:41.941087,89,car,30,0.63710195
2022-06-28 13:07:41.944107,90,person,59,0.61567974
2022-06-28 13:07:41.947088,90,person,59,0.6102469
2022-06-28 13:07:41.949277,90,person,59,0.60244393
2022-06-28 13:07:41.952277,90,car,30,0.60093206
2022-06-28 13:07:42.027652,90,car,30,0.6441098
2022-06-28 13:07:42.032825,90,car,30,0.64145994
2022-06-28 13:07:42.035834,90,person,59,0.61723685
2022-06-28 13:07:42.038826,91,person,60,0.61037785
2022-06-28 13:07:42.041829,91,car,30,0.60929155
2022-06-28 13:07:42.044826,91,person,60,0.60103476
2022-06-28 13:07:42.048827,91,car,30,0.60084265
2022-06-28 13:07:42.128915,91,car,30,0.6431383
2022-06-28 13:07:42.131916,91,car,30,0.63942724
2022-06-28 13:07:42.134917,91,person,60,0.61806315
2022-06-28 13:07:42.137918,92,person,61,0.60901976
2022-06-28 13:07:42.140921,92,car,30,0.6081083
2022-06-28 13:07:42.142921,92,person,61,0.6027776
2022-06-28 13:07:42.146628,92,car,30,0.6004638
2022-06-28 13:07:42.227253,92,car,30,0.64393437
2022-06-28 13:07:42.231245,92,person,61,0.63565516
2022-06-28 13:07:42.233247,92,car,30,0.629768
2022-06-28 13:07:42.236033,93,person,62,0.61247367
2022-06-28 13:07:42.239026,93,car,30,0.60818386
2022-06-28 13:07:42.241029,93,person,62,0.60285234
2022-06-28 13:07:42.244032,93,car,30,0.6019763
2022-06-28 13:07:42.247086,94,person,63,0.60053766
2022-06-28 13:07:42.332709,94,car,30,0.65882087
2022-06-28 13:07:42.334712,94,person,63,0.6380286
2022-06-28 13:07:42.337426,94,car,30,0.63624406
2022-06-28 13:07:42.341426,94,car,30,0.6208466
2022-06-28 13:07:42.345422,94,person,63,0.6083678
2022-06-28 13:07:42.348824,94,car,30,0.60038114
2022-06-28 13:07:42.425982,94,car,30,0.653219
2022-06-28 13:07:42.427980,94,person,63,0.6401941
2022-06-28 13:07:42.430973,94,car,30,0.63880515
2022-06-28 13:07:42.434972,94,car,30,0.61598533
2022-06-28 13:07:42.437545,94,person,63,0.60462373
2022-06-28 13:07:42.439548,94,person,63,0.6035073
2022-06-28 13:07:42.442541,94,car,30,0.60145116
2022-06-28 13:07:42.514140,94,person,63,0.6274232
2022-06-28 13:07:42.516152,94,car,30,0.62127227
2022-06-28 13:07:42.518130,94,car,30,0.6210037
2022-06-28 13:07:42.521129,95,person,64,0.61263084
2022-06-28 13:07:42.523131,95,car,30,0.6020695
2022-06-28 13:07:42.588198,95,person,64,0.63605636
2022-06-28 13:07:42.592201,95,car,30,0.621739
2022-06-28 13:07:42.594198,96,person,65,0.61945575
2022-06-28 13:07:42.597621,96,car,30,0.610254
2022-06-28 13:07:42.600517,96,car,30,0.6024738
2022-06-28 13:07:42.603516,96,car,30,0.60130495
2022-06-28 13:07:42.606094,96,car,30,0.60121024
2022-06-28 13:07:42.676225,97,person,66,0.625375
2022-06-28 13:07:42.679209,98,person,67,0.61350965
2022-06-28 13:07:42.683209,98,car,30,0.6113166
2022-06-28 13:07:42.686227,99,person,68,0.60983115
2022-06-28 13:07:42.689209,99,car,30,0.6045159
2022-06-28 13:07:42.692210,99,car,30,0.6027469
2022-06-28 13:07:42.694210,99,car,30,0.6016172
2022-06-28 13:07:42.760435,100,person,69,0.6252127
2022-06-28 13:07:42.764439,101,person,70,0.6167128
2022-06-28 13:07:42.767171,101,person,70,0.6132068
2022-06-28 13:07:42.770173,101,car,30,0.6074512
2022-06-28 13:07:42.773174,101,car,30,0.60468656
2022-06-28 13:07:42.775173,101,car,30,0.6022815
2022-06-28 13:07:42.778256,101,car,30,0.6005676
2022-06-28 13:07:42.860507,101,person,70,0.61919606
2022-06-28 13:07:42.862470,102,person,71,0.6159812
2022-06-28 13:07:42.864479,103,car,31,0.61498535
2022-06-28 13:07:42.940113,104,person,72,0.64348716
2022-06-28 13:07:42.942113,105,person,73,0.63331825
2022-06-28 13:07:43.014168,105,person,73,0.66053563
2022-06-28 13:07:43.017168,106,person,74,0.631082
2022-06-28 13:07:43.019168,107,car,32,0.61636806
2022-06-28 13:07:43.022168,107,person,74,0.61516213
2022-06-28 13:07:43.025170,107,car,32,0.60414743
2022-06-28 13:07:43.028175,107,car,32,0.6025413
2022-06-28 13:07:43.111000,107,person,74,0.65739024
2022-06-28 13:07:43.113000,108,person,75,0.6315034
2022-06-28 13:07:43.115009,109,car,33,0.6158795
2022-06-28 13:07:43.118001,109,person,75,0.61208254
2022-06-28 13:07:43.120009,109,car,33,0.60346925
2022-06-28 13:07:43.122015,109,car,33,0.6020657
2022-06-28 13:07:43.206943,109,person,75,0.64521676
2022-06-28 13:07:43.209069,109,car,33,0.6252935
2022-06-28 13:07:43.210069,109,car,33,0.61551845
2022-06-28 13:07:43.279179,109,car,33,0.6317387
2022-06-28 13:07:43.281187,109,car,33,0.6167217
2022-06-28 13:07:43.283180,109,car,33,0.60519236
2022-06-28 13:07:43.354749,109,car,33,0.63246447
2022-06-28 13:07:43.356806,109,car,33,0.61453754
2022-06-28 13:07:43.357794,109,car,33,0.60554135
2022-06-28 13:07:43.436093,109,car,33,0.63419294
2022-06-28 13:07:43.438093,109,car,33,0.623513
2022-06-28 13:07:43.517186,109,car,33,0.67943096
2022-06-28 13:07:43.519181,109,car,33,0.65299505
2022-06-28 13:07:43.618049,109,car,33,0.67744106
2022-06-28 13:07:43.620054,109,car,33,0.652559
2022-06-28 13:07:43.622053,110,person,76,0.61780405
2022-06-28 13:07:43.705885,110,car,33,0.6783199
2022-06-28 13:07:43.707892,110,car,33,0.6522517
2022-06-28 13:07:43.709885,111,person,77,0.6163106
2022-06-28 13:07:43.775109,111,car,33,0.689938
2022-06-28 13:07:43.778089,111,car,33,0.63656723
2022-06-28 13:07:43.779091,112,person,78,0.6201006
2022-06-28 13:07:43.864331,112,car,33,0.685782
2022-06-28 13:07:43.867254,112,person,78,0.6160454
2022-06-28 13:07:43.868256,112,car,33,0.6121526
2022-06-28 13:07:43.948704,112,car,33,0.6814222
2022-06-28 13:07:43.950705,112,car,33,0.615377
2022-06-28 13:07:43.952705,113,person,79,0.6125827
2022-06-28 13:07:44.033789,113,car,33,0.67102337
2022-06-28 13:07:44.035793,113,person,79,0.6408954
2022-06-28 13:07:44.038866,113,person,79,0.623572
2022-06-28 13:07:44.040867,113,car,33,0.61511123
2022-06-28 13:07:44.117248,114,person,80,0.64794004
2022-06-28 13:07:44.120237,114,car,33,0.64598054
2022-06-28 13:07:44.123239,114,person,80,0.63450223
2022-06-28 13:07:44.126092,114,car,33,0.6199142
2022-06-28 13:07:44.128095,114,car,33,0.6121764
2022-06-28 13:07:44.131088,114,person,80,0.6021704
2022-06-28 13:07:44.202075,114,car,33,0.67113996
2022-06-28 13:07:44.205082,115,person,81,0.6637015
2022-06-28 13:07:44.207075,115,car,33,0.64173317
2022-06-28 13:07:44.209085,115,person,81,0.6209642
2022-06-28 13:07:44.296080,115,car,33,0.6709775
2022-06-28 13:07:44.298087,116,person,82,0.6667079
2022-06-28 13:07:44.300080,116,car,33,0.642462
2022-06-28 13:07:44.302076,116,person,82,0.6200896
2022-06-28 13:07:44.387097,117,person,83,0.6623711
2022-06-28 13:07:44.390046,117,car,33,0.65674144
2022-06-28 13:07:44.392046,117,car,33,0.64306223
2022-06-28 13:07:44.394047,117,person,83,0.618501
2022-06-28 13:07:44.397439,117,person,83,0.6182387
2022-06-28 13:07:44.479923,118,person,84,0.6723458
2022-06-28 13:07:44.482926,118,car,33,0.65475464
2022-06-28 13:07:44.485935,118,car,33,0.6522292
2022-06-28 13:07:44.488643,118,car,33,0.64256495
2022-06-28 13:07:44.491658,118,person,84,0.61816746
2022-06-28 13:07:44.494643,118,person,84,0.6133884
2022-06-28 13:07:44.570173,119,person,85,0.670316
2022-06-28 13:07:44.572185,119,car,33,0.6566517
2022-06-28 13:07:44.575185,119,car,33,0.6547133
2022-06-28 13:07:44.577184,119,car,33,0.64323765
2022-06-28 13:07:44.581178,119,person,85,0.6179725
2022-06-28 13:07:44.583179,119,person,85,0.6106259
2022-06-28 13:07:44.657196,119,car,33,0.67564607
2022-06-28 13:07:44.660197,119,car,33,0.66746235
2022-06-28 13:07:44.664201,120,person,86,0.6607789
2022-06-28 13:07:44.668625,120,car,33,0.65468115
2022-06-28 13:07:44.671631,120,person,86,0.6184303
2022-06-28 13:07:44.674631,120,person,86,0.60885847
2022-06-28 13:07:44.676485,120,car,33,0.6060274
2022-06-28 13:07:44.752855,120,car,33,0.6995202
2022-06-28 13:07:44.755865,120,car,33,0.6714088
2022-06-28 13:07:44.758326,120,car,33,0.6656124
2022-06-28 13:07:44.761328,120,person,86,0.6533842
2022-06-28 13:07:44.764328,120,car,33,0.6114616
2022-06-28 13:07:44.767108,120,person,86,0.60901767
2022-06-28 13:07:44.770112,120,person,86,0.6001831
2022-06-28 13:07:44.845170,120,car,33,0.6877411
2022-06-28 13:07:44.848154,120,car,33,0.6568243
2022-06-28 13:07:44.850163,121,person,87,0.65560853
2022-06-28 13:07:44.854164,121,car,33,0.6548504
2022-06-28 13:07:44.856156,121,person,87,0.6174493
2022-06-28 13:07:44.859159,121,person,87,0.6070222
2022-06-28 13:07:44.862159,121,car,33,0.60654026
2022-06-28 13:07:44.940431,121,car,33,0.6873662
2022-06-28 13:07:44.943419,121,car,33,0.6571012
2022-06-28 13:07:44.946413,121,car,33,0.6555175
2022-06-28 13:07:44.948425,122,person,88,0.6487329
2022-06-28 13:07:44.951413,122,person,88,0.6179653
2022-06-28 13:07:44.954422,122,person,88,0.60734636
2022-06-28 13:07:44.956435,122,car,33,0.6042996
2022-06-28 13:07:45.036795,122,car,33,0.66332585
2022-06-28 13:07:45.038913,122,person,88,0.6597099
2022-06-28 13:07:45.040898,123,person,89,0.6506158
2022-06-28 13:07:45.043899,123,car,33,0.64853024
2022-06-28 13:07:45.046900,123,car,33,0.64467925
2022-06-28 13:07:45.048910,123,person,89,0.64010274
2022-06-28 13:07:45.128505,124,person,90,0.66077745
2022-06-28 13:07:45.130512,124,car,33,0.6496048
2022-06-28 13:07:45.133513,124,car,33,0.6492768
2022-06-28 13:07:45.135505,124,car,33,0.6431559
2022-06-28 13:07:45.138505,124,person,90,0.6056398
2022-06-28 13:07:45.141507,124,car,33,0.60118943
2022-06-28 13:07:45.221390,125,person,91,0.65775394
2022-06-28 13:07:45.224384,125,car,33,0.6480644
2022-06-28 13:07:45.226377,125,car,33,0.64681095
2022-06-28 13:07:45.229378,125,car,33,0.63947326
2022-06-28 13:07:45.232386,125,car,33,0.6097683
2022-06-28 13:07:45.302252,126,person,92,0.65734714
2022-06-28 13:07:45.304262,126,car,33,0.64725536
2022-06-28 13:07:45.307273,126,car,33,0.6464568
2022-06-28 13:07:45.309266,126,car,33,0.6385486
2022-06-28 13:07:45.311263,126,car,33,0.60940063
2022-06-28 13:07:45.387079,126,car,33,0.662436
2022-06-28 13:07:45.390080,126,person,92,0.65646935
2022-06-28 13:07:45.392087,126,car,33,0.6341324
2022-06-28 13:07:45.395086,126,car,33,0.6261465
2022-06-28 13:07:45.398219,126,car,33,0.62345314
2022-06-28 13:07:45.472473,127,person,93,0.67738193
2022-06-28 13:07:45.474492,127,car,33,0.65788925
2022-06-28 13:07:45.477342,127,car,33,0.62214714
2022-06-28 13:07:45.479341,127,car,33,0.6104022
2022-06-28 13:07:45.571533,128,person,94,0.67752177
2022-06-28 13:07:45.574530,128,car,33,0.65312064
2022-06-28 13:07:45.575531,128,car,33,0.61806655
2022-06-28 13:07:45.577748,128,car,33,0.611113
2022-06-28 13:07:45.670451,129,person,95,0.6803059
2022-06-28 13:07:45.673440,129,car,33,0.6525935
2022-06-28 13:07:45.675446,129,car,33,0.65085024
2022-06-28 13:07:45.677862,129,car,33,0.62657964
2022-06-28 13:07:45.747186,129,car,33,0.69730765
2022-06-28 13:07:45.750189,130,person,96,0.6844963
2022-06-28 13:07:45.752206,130,car,33,0.6590149
2022-06-28 13:07:45.755199,130,car,33,0.63124436
2022-06-28 13:07:45.757191,131,person,97,0.6140025
2022-06-28 13:07:45.759202,132,car,34,0.60967064
2022-06-28 13:07:45.829156,132,car,34,0.700793
2022-06-28 13:07:45.831158,133,person,98,0.6891587
2022-06-28 13:07:45.834143,133,car,34,0.64905226
2022-06-28 13:07:45.837153,133,car,34,0.6265498
2022-06-28 13:07:45.840147,133,person,98,0.6142891
2022-06-28 13:07:45.843148,133,car,34,0.60472846
2022-06-28 13:07:45.916176,133,car,34,0.70075274
2022-06-28 13:07:45.919164,134,person,99,0.694261
2022-06-28 13:07:45.922170,134,car,34,0.6512049
2022-06-28 13:07:45.924164,134,car,34,0.6282157
2022-06-28 13:07:45.927174,134,person,99,0.61276895
2022-06-28 13:07:45.930173,134,car,34,0.6071352
2022-06-28 13:07:46.004558,134,car,34,0.7105378
2022-06-28 13:07:46.008069,135,person,100,0.69450516
2022-06-28 13:07:46.010070,135,car,34,0.67217785
2022-06-28 13:07:46.014074,135,car,34,0.62221307
2022-06-28 13:07:46.017070,135,person,100,0.6196325
2022-06-28 13:07:46.020072,136,person,101,0.6115878
2022-06-28 13:07:46.022072,137,car,35,0.60581934
2022-06-28 13:07:46.025073,137,car,35,0.6050892
2022-06-28 13:07:46.101089,137,car,35,0.7026913
2022-06-28 13:07:46.104090,138,person,102,0.69537115
2022-06-28 13:07:46.108093,138,car,35,0.64953667
2022-06-28 13:07:46.112091,139,person,103,0.63606113
2022-06-28 13:07:46.114092,140,person,104,0.63280094
2022-06-28 13:07:46.118096,140,car,35,0.631024
2022-06-28 13:07:46.121094,140,car,35,0.6159019
2022-06-28 13:07:46.124094,140,car,35,0.6039732
2022-06-28 13:07:46.127096,140,person,104,0.60325253
2022-06-28 13:07:46.195146,140,car,35,0.70137095
2022-06-28 13:07:46.198147,141,person,105,0.6952712
2022-06-28 13:07:46.201129,141,car,35,0.64927053
2022-06-28 13:07:46.205129,142,person,106,0.63563126
2022-06-28 13:07:46.208129,143,person,107,0.6332108
2022-06-28 13:07:46.212130,143,car,35,0.6308345
2022-06-28 13:07:46.215141,143,car,35,0.61603
2022-06-28 13:07:46.219132,143,person,107,0.6028003
2022-06-28 13:07:46.222137,143,car,35,0.60092574
2022-06-28 13:07:46.288125,143,car,35,0.72859406
2022-06-28 13:07:46.291106,144,person,108,0.70334506
2022-06-28 13:07:46.294105,144,car,35,0.66614014
2022-06-28 13:07:46.297106,144,car,35,0.6572238
2022-06-28 13:07:46.299115,145,person,109,0.6186384
2022-06-28 13:07:46.302107,146,car,36,0.6164667
2022-06-28 13:07:46.305109,146,person,109,0.6013584
2022-06-28 13:07:46.378899,146,car,36,0.7298495
2022-06-28 13:07:46.381908,147,person,110,0.7098303
2022-06-28 13:07:46.383901,147,car,36,0.65767705
2022-06-28 13:07:46.386902,147,car,36,0.63918084
2022-06-28 13:07:46.389902,147,car,36,0.6168989
2022-06-28 13:07:46.472121,147,car,36,0.759505
2022-06-28 13:07:46.474124,148,person,111,0.69520265
2022-06-28 13:07:46.477166,148,car,36,0.690988
2022-06-28 13:07:46.480128,148,car,36,0.64527345
2022-06-28 13:07:46.484127,148,car,36,0.6254059
2022-06-28 13:07:46.486137,149,person,112,0.60528564
2022-06-28 13:07:46.557169,150,car,37,0.75965804
2022-06-28 13:07:46.559165,151,person,113,0.6968406
2022-06-28 13:07:46.562156,151,car,37,0.68973887
2022-06-28 13:07:46.564168,151,car,37,0.6454047
2022-06-28 13:07:46.567276,151,car,37,0.6253496
2022-06-28 13:07:46.570268,152,person,114,0.6046235
2022-06-28 13:07:46.645161,153,car,38,0.7657291
2022-06-28 13:07:46.647171,153,car,38,0.700884
2022-06-28 13:07:46.650163,154,person,115,0.66489536
2022-06-28 13:07:46.652173,154,car,38,0.6465971
2022-06-28 13:07:46.655165,154,car,38,0.6189315
2022-06-28 13:07:46.734547,154,car,38,0.75751233
2022-06-28 13:07:46.737246,154,car,38,0.70452005
2022-06-28 13:07:46.739238,155,person,116,0.67078215
2022-06-28 13:07:46.741239,155,car,38,0.63724345
2022-06-28 13:07:46.744240,156,person,117,0.60313183
2022-06-28 13:07:46.821561,157,car,39,0.7572269
2022-06-28 13:07:46.823562,157,car,39,0.7056273
2022-06-28 13:07:46.826576,158,person,118,0.6801178
2022-06-28 13:07:46.828642,158,car,39,0.6381895
2022-06-28 13:07:46.831639,159,person,119,0.6060808
2022-06-28 13:07:46.898214,160,car,40,0.74636537
2022-06-28 13:07:46.900223,160,car,40,0.68733615
2022-06-28 13:07:46.903216,161,person,120,0.67027104
2022-06-28 13:07:46.905231,161,car,40,0.65373355
2022-06-28 13:07:46.987172,161,car,40,0.73644644
2022-06-28 13:07:46.989501,161,car,40,0.70811254
2022-06-28 13:07:46.991497,161,person,120,0.6752649
2022-06-28 13:07:46.995482,161,car,40,0.66524076
2022-06-28 13:07:46.996760,161,person,120,0.60688996
2022-06-28 13:07:47.082526,161,car,40,0.7203417
2022-06-28 13:07:47.084526,161,car,40,0.7091977
2022-06-28 13:07:47.087253,161,car,40,0.6742586
2022-06-28 13:07:47.090238,162,person,121,0.66924524
2022-06-28 13:07:47.092238,162,person,121,0.6182798
2022-06-28 13:07:47.095239,163,person,122,0.6049463
2022-06-28 13:07:47.169745,163,car,40,0.71659195
2022-06-28 13:07:47.172742,163,car,40,0.71058387
2022-06-28 13:07:47.174750,163,car,40,0.673881
2022-06-28 13:07:47.177531,164,person,123,0.67126805
2022-06-28 13:07:47.180534,164,person,123,0.61696595
2022-06-28 13:07:47.183530,165,person,124,0.60507756
2022-06-28 13:07:47.261180,165,car,40,0.7001727
2022-06-28 13:07:47.264182,165,car,40,0.6957683
2022-06-28 13:07:47.267449,165,car,40,0.6908254
2022-06-28 13:07:47.271183,166,person,125,0.669233
2022-06-28 13:07:47.273184,167,person,126,0.6058837
2022-06-28 13:07:47.358757,167,car,40,0.71752006
2022-06-28 13:07:47.361763,167,car,40,0.68960786
2022-06-28 13:07:47.364751,167,car,40,0.6815554
2022-06-28 13:07:47.367766,168,person,127,0.67609125
2022-06-28 13:07:47.372740,169,person,128,0.61806864
2022-06-28 13:07:47.467858,169,car,40,0.71630824
2022-06-28 13:07:47.468859,169,car,40,0.69165254
2022-06-28 13:07:47.471859,169,car,40,0.68166035
2022-06-28 13:07:47.472864,170,person,129,0.6798792
2022-06-28 13:07:47.475862,171,person,130,0.6191224
2022-06-28 13:07:47.560996,171,car,40,0.68190557
2022-06-28 13:07:47.563313,171,car,40,0.6800665
2022-06-28 13:07:47.565314,171,car,40,0.67229164
2022-06-28 13:07:47.568513,172,person,131,0.66045094
2022-06-28 13:07:47.571516,173,person,132,0.632576
2022-06-28 13:07:47.574508,174,person,133,0.61544585
2022-06-28 13:07:47.577161,175,car,41,0.60356885
2022-06-28 13:07:47.657591,175,car,41,0.66827655
2022-06-28 13:07:47.660582,175,car,41,0.65107816
2022-06-28 13:07:47.663584,176,person,134,0.6436612
2022-06-28 13:07:47.665585,176,car,41,0.6369816
2022-06-28 13:07:47.669603,177,person,135,0.6191606
2022-06-28 13:07:47.671604,178,car,42,0.6018049
2022-06-28 13:07:47.752230,178,car,42,0.66341394
2022-06-28 13:07:47.755562,179,person,136,0.66213334
2022-06-28 13:07:47.758273,179,car,42,0.659104
2022-06-28 13:07:47.761266,179,car,42,0.6567157
2022-06-28 13:07:47.764266,180,person,137,0.6290901
2022-06-28 13:07:47.838316,181,person,138,0.66496694
2022-06-28 13:07:47.841317,181,car,42,0.66424334
2022-06-28 13:07:47.843318,181,car,42,0.6586267
2022-06-28 13:07:47.846319,181,car,42,0.6549479
2022-06-28 13:07:47.848319,182,person,139,0.632191
2022-06-28 13:07:47.925890,183,car,43,0.6755588
2022-06-28 13:07:47.927892,183,car,43,0.66323495
2022-06-28 13:07:47.929893,183,person,139,0.65997416
2022-06-28 13:07:47.932884,183,person,139,0.63314736
2022-06-28 13:07:47.935893,184,car,44,0.63204455
2022-06-28 13:07:48.014002,184,car,44,0.6556829
2022-06-28 13:07:48.017149,184,car,44,0.64390916
2022-06-28 13:07:48.021004,185,person,140,0.62699914
2022-06-28 13:07:48.025007,185,person,140,0.62199914
2022-06-28 13:07:48.028007,186,car,45,0.61680955
2022-06-28 13:07:48.031008,186,car,45,0.6070241
2022-06-28 13:07:48.034006,186,car,45,0.60026664
2022-06-28 13:07:48.124043,186,car,45,0.65589696
2022-06-28 13:07:48.127539,187,person,141,0.6425096
2022-06-28 13:07:48.130053,188,car,46,0.6379727
2022-06-28 13:07:48.133046,188,person,141,0.6356471
2022-06-28 13:07:48.136047,188,car,46,0.622281
2022-06-28 13:07:48.138055,188,car,46,0.6026996
2022-06-28 13:07:48.141055,189,person,142,0.60181487
2022-06-28 13:07:48.220610,189,car,46,0.65589696
2022-06-28 13:07:48.222594,189,car,46,0.6406363
2022-06-28 13:07:48.225580,190,person,143,0.6399689
2022-06-28 13:07:48.228582,191,person,144,0.63624686
2022-06-28 13:07:48.230581,191,car,46,0.62547493
2022-06-28 13:07:48.233590,191,car,46,0.6023161
2022-06-28 13:07:48.316184,191,car,46,0.67744356
2022-06-28 13:07:48.318185,191,car,46,0.64055574
2022-06-28 13:07:48.321185,192,person,145,0.63007164
2022-06-28 13:07:48.324190,193,car,47,0.6297532
2022-06-28 13:07:48.327191,193,person,145,0.6205565
2022-06-28 13:07:48.329183,193,car,47,0.6027956
2022-06-28 13:07:48.406270,193,car,47,0.69526
2022-06-28 13:07:48.409430,193,car,47,0.64564574
2022-06-28 13:07:48.412431,193,car,47,0.61597323
2022-06-28 13:07:48.415439,194,person,146,0.6112094
2022-06-28 13:07:48.417694,195,car,48,0.6087889
2022-06-28 13:07:48.420702,195,person,146,0.60318655
2022-06-28 13:07:48.496209,195,car,48,0.69403607
2022-06-28 13:07:48.498208,195,car,48,0.6455918
2022-06-28 13:07:48.500201,195,car,48,0.62027264
2022-06-28 13:07:48.503202,195,person,146,0.61335844
2022-06-28 13:07:48.506212,196,person,147,0.6128255
2022-06-28 13:07:48.509216,196,car,48,0.6086167
2022-06-28 13:07:48.604738,196,car,48,0.70490855
2022-06-28 13:07:48.607899,196,car,48,0.67104965
2022-06-28 13:07:48.610890,196,car,48,0.6399014
2022-06-28 13:07:48.613897,196,person,147,0.62434167
2022-06-28 13:07:48.615898,197,car,49,0.6199449
2022-06-28 13:07:48.618899,198,person,148,0.61129826
2022-06-28 13:07:48.621892,199,car,50,0.6050851
2022-06-28 13:07:48.698217,199,car,50,0.7285464
2022-06-28 13:07:48.701239,199,car,50,0.6761551
2022-06-28 13:07:48.704241,199,car,50,0.6318463
2022-06-28 13:07:48.706817,199,car,50,0.62445
2022-06-28 13:07:48.709810,200,person,149,0.6198132
2022-06-28 13:07:48.712812,201,car,51,0.61939
2022-06-28 13:07:48.715811,201,person,149,0.6156584
2022-06-28 13:07:48.789057,201,car,51,0.7372297
2022-06-28 13:07:48.793037,201,car,51,0.65347177
2022-06-28 13:07:48.796047,201,car,51,0.64992225
2022-06-28 13:07:48.798047,202,person,150,0.638735
2022-06-28 13:07:48.801056,203,car,52,0.62358624
2022-06-28 13:07:48.805046,203,car,52,0.6129463
2022-06-28 13:07:48.808042,203,person,150,0.6054313
2022-06-28 13:07:48.887840,203,car,52,0.7335743
2022-06-28 13:07:48.889870,203,car,52,0.6540343
2022-06-28 13:07:48.892882,203,car,52,0.64754045
2022-06-28 13:07:48.894876,204,person,151,0.64278483
2022-06-28 13:07:48.898491,205,car,53,0.6206651
2022-06-28 13:07:48.902491,205,car,53,0.6138458
2022-06-28 13:07:48.905493,205,person,151,0.6053286
2022-06-28 13:07:48.979963,205,car,53,0.71111494
2022-06-28 13:07:48.982445,205,car,53,0.6513167
2022-06-28 13:07:48.984444,205,car,53,0.6470547
2022-06-28 13:07:48.987041,205,car,53,0.6332431
2022-06-28 13:07:48.990047,205,person,151,0.61610913
2022-06-28 13:07:48.993039,205,car,53,0.61295325
2022-06-28 13:07:48.996042,206,person,152,0.61066765
2022-06-28 13:07:49.075206,207,car,54,0.699677
2022-06-28 13:07:49.078200,207,car,54,0.66079736
2022-06-28 13:07:49.081202,207,car,54,0.6469842
2022-06-28 13:07:49.083194,207,car,54,0.6349335
2022-06-28 13:07:49.085204,207,car,54,0.6163053
2022-06-28 13:07:49.088202,207,person,152,0.6044034
2022-06-28 13:07:49.168679,208,car,55,0.69840604
2022-06-28 13:07:49.171218,208,car,55,0.66094583
2022-06-28 13:07:49.173220,208,car,55,0.64607567
2022-06-28 13:07:49.176222,208,car,55,0.63419163
2022-06-28 13:07:49.179222,208,car,55,0.6165969
2022-06-28 13:07:49.182224,208,person,152,0.60677946
2022-06-28 13:07:49.271992,208,car,55,0.7235636
2022-06-28 13:07:49.273994,208,car,55,0.6843583
2022-06-28 13:07:49.276004,208,car,55,0.6644331
2022-06-28 13:07:49.279015,208,car,55,0.64704007
2022-06-28 13:07:49.281008,208,person,152,0.62314534
2022-06-28 13:07:49.284009,209,car,56,0.6213555
2022-06-28 13:07:49.383514,209,car,56,0.7328052
2022-06-28 13:07:49.387103,209,car,56,0.6825923
2022-06-28 13:07:49.389103,209,car,56,0.6604716
2022-06-28 13:07:49.392097,209,car,56,0.63651055
2022-06-28 13:07:49.395105,209,person,152,0.6357658
2022-06-28 13:07:49.398097,210,car,57,0.6160303
2022-06-28 13:07:49.476446,210,car,57,0.7242522
2022-06-28 13:07:49.479447,210,car,57,0.66236216
2022-06-28 13:07:49.481447,210,car,57,0.66005796
2022-06-28 13:07:49.484449,210,car,57,0.6236553
2022-06-28 13:07:49.487167,210,car,57,0.61527765
2022-06-28 13:07:49.490161,210,person,152,0.6080327
2022-06-28 13:07:49.564923,211,car,58,0.7239057
2022-06-28 13:07:49.568079,211,car,58,0.6618447
2022-06-28 13:07:49.572026,211,car,58,0.65902936
2022-06-28 13:07:49.575027,211,car,58,0.62253594
2022-06-28 13:07:49.578020,211,person,152,0.61978793
2022-06-28 13:07:49.582019,212,car,59,0.6151051
2022-06-28 13:07:49.672526,212,car,59,0.7371878
2022-06-28 13:07:49.674549,212,car,59,0.6585832
2022-06-28 13:07:49.677072,212,person,152,0.6482332
2022-06-28 13:07:49.682072,213,wine glass,1,0.6369222
2022-06-28 13:07:49.685073,214,car,60,0.62357575
2022-06-28 13:07:49.750883,214,car,60,0.73684084
2022-06-28 13:07:49.752901,214,car,60,0.67561144
2022-06-28 13:07:49.755887,214,person,152,0.6610324
2022-06-28 13:07:49.757896,215,wine glass,2,0.6224803
2022-06-28 13:07:49.760888,216,car,61,0.6093761
2022-06-28 13:07:49.839797,216,car,61,0.7378409
2022-06-28 13:07:49.841791,216,car,61,0.67815787
2022-06-28 13:07:49.843792,216,person,152,0.6618165
2022-06-28 13:07:49.846686,217,wine glass,3,0.6249396
2022-06-28 13:07:49.849676,218,car,62,0.6100197
2022-06-28 13:07:49.927065,218,car,62,0.7179667
2022-06-28 13:07:49.929055,218,car,62,0.6780148
2022-06-28 13:07:49.931055,219,person,153,0.6659775
2022-06-28 13:07:49.934048,219,car,62,0.6369669
2022-06-28 13:07:50.022212,219,car,62,0.7135154
2022-06-28 13:07:50.025200,219,car,62,0.69798476
2022-06-28 13:07:50.027201,220,person,154,0.6491789
2022-06-28 13:07:50.030195,220,person,154,0.62119937
2022-06-28 13:07:50.032196,221,car,63,0.61755013
2022-06-28 13:07:50.113197,221,car,63,0.7131206
2022-06-28 13:07:50.116192,221,car,63,0.6914732
2022-06-28 13:07:50.119220,222,person,155,0.6591742
2022-06-28 13:07:50.121223,222,person,155,0.6314982
2022-06-28 13:07:50.124231,223,car,64,0.6305306
2022-06-28 13:07:50.199593,223,car,64,0.7117763
2022-06-28 13:07:50.201610,223,car,64,0.69134957
2022-06-28 13:07:50.203603,224,person,156,0.65818965
2022-06-28 13:07:50.205596,224,person,156,0.6319236
2022-06-28 13:07:50.208603,225,car,65,0.6318709
2022-06-28 13:07:50.285463,225,car,65,0.70742345
2022-06-28 13:07:50.288039,225,car,65,0.6723099
2022-06-28 13:07:50.290040,226,person,157,0.65572333
2022-06-28 13:07:50.293041,226,car,65,0.61963916
2022-06-28 13:07:50.295044,227,person,158,0.6134181
2022-06-28 13:07:50.298155,228,car,66,0.6051217
2022-06-28 13:07:50.382853,228,car,66,0.70150477
2022-06-28 13:07:50.385859,228,car,66,0.6683984
2022-06-28 13:07:50.387854,229,person,159,0.66162515
2022-06-28 13:07:50.390863,229,car,66,0.6146643
2022-06-28 13:07:50.470645,229,car,66,0.6992437
2022-06-28 13:07:50.472650,229,car,66,0.66212034
2022-06-28 13:07:50.474665,230,person,160,0.658608
2022-06-28 13:07:50.477820,230,car,66,0.6024058
2022-06-28 13:07:50.547568,230,car,66,0.69743913
2022-06-28 13:07:50.549572,230,car,66,0.6653747
2022-06-28 13:07:50.550573,231,person,161,0.6600517
2022-06-28 13:07:50.553574,231,car,66,0.6017657
2022-06-28 13:07:50.626396,231,car,66,0.70246273
2022-06-28 13:07:50.629392,232,person,162,0.68387276
2022-06-28 13:07:50.631378,232,car,66,0.6782386
2022-06-28 13:07:50.634379,233,person,163,0.63130945
2022-06-28 13:07:50.637379,234,car,67,0.60872865
2022-06-28 13:07:50.640380,234,car,67,0.6015257
2022-06-28 13:07:50.719886,234,car,67,0.7105584
2022-06-28 13:07:50.722893,234,car,67,0.6889653
2022-06-28 13:07:50.725891,235,person,164,0.67230105
2022-06-28 13:07:50.728463,235,person,164,0.6359092
2022-06-28 13:07:50.731461,236,car,68,0.63306844
2022-06-28 13:07:50.802622,236,car,68,0.7102077
2022-06-28 13:07:50.805614,236,car,68,0.6888589
2022-06-28 13:07:50.807489,237,person,165,0.67339087
2022-06-28 13:07:50.810431,237,person,165,0.637067
2022-06-28 13:07:50.813440,238,car,69,0.63393086
2022-06-28 13:07:50.887941,238,car,69,0.70419264
2022-06-28 13:07:50.890972,238,car,69,0.67578834
2022-06-28 13:07:50.893990,239,person,166,0.6665912
2022-06-28 13:07:50.895976,239,person,166,0.65595853
2022-06-28 13:07:50.897977,240,car,70,0.63383025
2022-06-28 13:07:50.900977,240,car,70,0.60240537
2022-06-28 13:07:50.975275,240,car,70,0.69303167
2022-06-28 13:07:50.978276,241,person,167,0.68739015
2022-06-28 13:07:50.980277,241,person,167,0.6656404
2022-06-28 13:07:50.983280,242,car,71,0.6406528
2022-06-28 13:07:50.985279,242,car,71,0.63839495
2022-06-28 13:07:51.062553,242,car,71,0.72794896
2022-06-28 13:07:51.065545,243,person,168,0.71416616
2022-06-28 13:07:51.069546,243,person,168,0.66718066
2022-06-28 13:07:51.072547,244,car,72,0.62313193
2022-06-28 13:07:51.075548,244,car,72,0.60893697
2022-06-28 13:07:51.078149,244,car,72,0.6024932
2022-06-28 13:07:51.155708,244,car,72,0.7273929
2022-06-28 13:07:51.158314,245,person,169,0.71636164
2022-06-28 13:07:51.160315,245,person,169,0.67095894
2022-06-28 13:07:51.163316,246,car,73,0.61897224
2022-06-28 13:07:51.165315,246,car,73,0.606928
2022-06-28 13:07:51.237414,247,person,170,0.72880465
2022-06-28 13:07:51.239403,248,car,74,0.7211803
2022-06-28 13:07:51.241405,249,person,171,0.6954004
2022-06-28 13:07:51.244396,250,car,75,0.60661936
2022-06-28 13:07:51.246672,250,car,75,0.6052398
2022-06-28 13:07:51.341198,251,person,172,0.7323979
2022-06-28 13:07:51.344192,252,person,173,0.7234648
2022-06-28 13:07:51.346185,253,car,76,0.69834316
2022-06-28 13:07:51.349193,253,car,76,0.6173348
2022-06-28 13:07:51.426786,254,person,174,0.733751
2022-06-28 13:07:51.429789,255,person,175,0.731098
2022-06-28 13:07:51.431800,256,car,77,0.699134
2022-06-28 13:07:51.433798,256,car,77,0.61545426
2022-06-28 13:07:51.537421,257,person,176,0.7726
2022-06-28 13:07:51.539463,258,car,78,0.70412374
2022-06-28 13:07:51.541466,259,person,177,0.6938709
2022-06-28 13:07:51.544462,260,car,79,0.6177471
2022-06-28 13:07:51.546463,260,car,79,0.60002863
2022-06-28 13:07:51.623880,261,person,178,0.78300107
2022-06-28 13:07:51.625881,262,person,179,0.7176127
2022-06-28 13:07:51.628881,263,car,80,0.6355691
2022-06-28 13:07:51.630883,264,bus,1,0.62053263
2022-06-28 13:07:51.707638,265,person,180,0.76104563
2022-06-28 13:07:51.709642,266,person,181,0.7407913
2022-06-28 13:07:51.712644,267,bus,2,0.6597001
2022-06-28 13:07:51.715645,267,car,80,0.6261235
2022-06-28 13:07:51.719769,267,car,80,0.61910796
2022-06-28 13:07:51.721780,267,car,80,0.60175043
2022-06-28 13:07:51.793261,268,person,182,0.7635341
2022-06-28 13:07:51.796271,269,person,183,0.74207294
2022-06-28 13:07:51.799266,270,bus,3,0.66046
2022-06-28 13:07:51.802266,270,car,80,0.6274502
2022-06-28 13:07:51.804266,270,car,80,0.6192613
2022-06-28 13:07:51.807271,270,car,80,0.6044503
2022-06-28 13:07:51.903172,271,person,184,0.77428126
2022-06-28 13:07:51.906176,272,person,185,0.72103965
2022-06-28 13:07:51.908181,273,bus,4,0.6512998
2022-06-28 13:07:51.911178,273,car,80,0.6318416
2022-06-28 13:07:51.914187,273,car,80,0.61249655
2022-06-28 13:07:51.916188,273,car,80,0.6073057
2022-06-28 13:07:51.994399,274,person,186,0.77121717
2022-06-28 13:07:51.997400,275,person,187,0.6859564
2022-06-28 13:07:52.000400,276,bus,5,0.6681204
2022-06-28 13:07:52.004394,276,car,80,0.65243906
2022-06-28 13:07:52.006366,276,car,80,0.6185701
2022-06-28 13:07:52.081248,277,person,188,0.77183604
2022-06-28 13:07:52.084251,278,person,189,0.68485624
2022-06-28 13:07:52.086251,279,bus,6,0.6691428
2022-06-28 13:07:52.089347,279,car,80,0.6514489
2022-06-28 13:07:52.091343,279,car,80,0.6193063
2022-06-28 13:07:52.169069,280,person,190,0.74487925
2022-06-28 13:07:52.172070,281,bus,7,0.6970275
2022-06-28 13:07:52.175065,281,car,80,0.6623129
2022-06-28 13:07:52.178072,281,car,80,0.6564266
2022-06-28 13:07:52.182074,282,person,191,0.655909
2022-06-28 13:07:52.266220,283,person,192,0.7358545
2022-06-28 13:07:52.269229,284,bus,8,0.6776728
2022-06-28 13:07:52.271233,284,car,80,0.65632427
2022-06-28 13:07:52.274226,284,car,80,0.6485855
2022-06-28 13:07:52.276226,285,person,193,0.64458525
2022-06-28 13:07:52.360621,286,person,194,0.7439366
2022-06-28 13:07:52.362610,287,bus,9,0.68880105
2022-06-28 13:07:52.365626,287,car,80,0.65696937
2022-06-28 13:07:52.367786,287,car,80,0.65185493
2022-06-28 13:07:52.369797,288,person,195,0.64492613
2022-06-28 13:07:52.449368,289,person,196,0.7434656
2022-06-28 13:07:52.452369,290,bus,10,0.69014645
2022-06-28 13:07:52.454370,290,car,80,0.65687954
2022-06-28 13:07:52.457364,290,car,80,0.6532561
2022-06-28 13:07:52.459378,291,person,197,0.644172
2022-06-28 13:07:52.536218,292,person,198,0.7347651
2022-06-28 13:07:52.538213,293,car,81,0.7111622
2022-06-28 13:07:52.540219,294,person,199,0.6851226
2022-06-28 13:07:52.543222,295,car,82,0.67238426
2022-06-28 13:07:52.545220,295,bus,10,0.6723763
2022-06-28 13:07:52.615308,296,person,200,0.7767369
2022-06-28 13:07:52.617442,297,car,83,0.7323898
2022-06-28 13:07:52.619438,298,person,201,0.7217519
2022-06-28 13:07:52.622431,299,bus,11,0.6664227
2022-06-28 13:07:52.625439,299,car,83,0.6419992
2022-06-28 13:07:52.628454,299,car,83,0.6265862
2022-06-28 13:07:52.706869,300,person,202,0.7767369
2022-06-28 13:07:52.708868,301,car,84,0.7323898
2022-06-28 13:07:52.711874,302,person,203,0.7217519
2022-06-28 13:07:52.714870,303,bus,12,0.6664227
2022-06-28 13:07:52.717524,303,car,84,0.6419992
2022-06-28 13:07:52.720421,303,car,84,0.6265862
2022-06-28 13:07:52.800236,304,person,204,0.7622865
2022-06-28 13:07:52.803252,305,car,85,0.7451537
2022-06-28 13:07:52.805251,306,person,205,0.72639406
2022-06-28 13:07:52.809244,307,car,86,0.6633783
2022-06-28 13:07:52.811252,307,bus,12,0.6632453
2022-06-28 13:07:52.814244,307,car,86,0.60216063
2022-06-28 13:07:52.892733,308,person,206,0.75593287
2022-06-28 13:07:52.896108,309,car,87,0.74601215
2022-06-28 13:07:52.898108,310,person,207,0.7215912
2022-06-28 13:07:52.901103,311,bus,13,0.6491378
2022-06-28 13:07:52.904109,311,car,87,0.6167876
2022-06-28 13:07:52.906107,311,car,87,0.60824144
2022-06-28 13:07:52.978202,312,person,208,0.7679421
2022-06-28 13:07:52.980205,313,car,88,0.7387769
2022-06-28 13:07:52.983206,314,person,209,0.7343405
2022-06-28 13:07:52.987208,315,bus,14,0.6543791
2022-06-28 13:07:52.990228,315,car,88,0.60513276
2022-06-28 13:07:52.993215,315,car,88,0.6010848
2022-06-28 13:07:53.060219,316,person,210,0.76809454
2022-06-28 13:07:53.063211,317,car,89,0.73821896
2022-06-28 13:07:53.066216,318,person,211,0.7351445
2022-06-28 13:07:53.072214,319,bus,15,0.65338737
2022-06-28 13:07:53.075215,319,car,89,0.610638
2022-06-28 13:07:53.152189,320,person,212,0.7631262
2022-06-28 13:07:53.154192,321,person,213,0.7547884
2022-06-28 13:07:53.157176,322,car,90,0.7464601
2022-06-28 13:07:53.160148,323,bus,16,0.6384936
2022-06-28 13:07:53.164150,323,car,90,0.60724354
2022-06-28 13:07:53.238121,324,person,214,0.7692342
2022-06-28 13:07:53.241120,325,person,215,0.75870836
2022-06-28 13:07:53.244122,326,car,91,0.7422076
2022-06-28 13:07:53.246132,327,bus,17,0.64026684
2022-06-28 13:07:53.248174,327,car,91,0.6291117
2022-06-28 13:07:53.323131,328,person,216,0.76399916
2022-06-28 13:07:53.325141,329,person,217,0.74538
2022-06-28 13:07:53.328500,330,car,92,0.74126095
2022-06-28 13:07:53.331493,331,bus,18,0.6606524
2022-06-28 13:07:53.403422,331,person,217,0.7651296
2022-06-28 13:07:53.406383,332,person,218,0.7486483
2022-06-28 13:07:53.408389,333,car,93,0.7406316
2022-06-28 13:07:53.411382,334,bus,19,0.66327435
2022-06-28 13:07:53.483315,334,person,218,0.764823
2022-06-28 13:07:53.486142,335,car,94,0.74897295
2022-06-28 13:07:53.488131,336,person,219,0.7453816
2022-06-28 13:07:53.490134,337,bus,20,0.6311474
2022-06-28 13:07:53.571558,337,person,219,0.7539581
2022-06-28 13:07:53.573546,338,person,220,0.75173974
2022-06-28 13:07:53.575547,339,car,95,0.7321959
2022-06-28 13:07:53.577140,339,car,95,0.6252829
2022-06-28 13:07:53.579140,340,bus,21,0.62219906
2022-06-28 13:07:53.654370,340,person,220,0.7546753
2022-06-28 13:07:53.656959,341,person,221,0.75297403
2022-06-28 13:07:53.658953,342,car,96,0.7320882
2022-06-28 13:07:53.661951,342,car,96,0.6238201
2022-06-28 13:07:53.663948,343,bus,22,0.6210437
2022-06-28 13:07:53.737552,343,person,221,0.7660941
2022-06-28 13:07:53.739574,344,person,222,0.73928213
2022-06-28 13:07:53.741571,345,car,97,0.72967196
2022-06-28 13:07:53.744574,345,car,97,0.6293774
2022-06-28 13:07:53.746754,346,bus,23,0.6192169
2022-06-28 13:07:53.827412,346,person,222,0.7479036
2022-06-28 13:07:53.830404,347,car,98,0.7290723
2022-06-28 13:07:53.832416,348,person,223,0.7151113
2022-06-28 13:07:53.834410,349,bus,24,0.643912
2022-06-28 13:07:53.837183,349,car,98,0.610965
2022-06-28 13:07:53.906441,350,person,224,0.7742142
2022-06-28 13:07:53.908429,351,person,225,0.7454965
2022-06-28 13:07:53.911426,352,car,99,0.72937506
2022-06-28 13:07:53.914425,353,bus,25,0.6579354
2022-06-28 13:07:53.917060,353,car,99,0.60392207
2022-06-28 13:07:53.992798,354,person,226,0.77563494
2022-06-28 13:07:53.994800,355,person,227,0.74788666
2022-06-28 13:07:53.997539,356,car,100,0.7300047
2022-06-28 13:07:54.002535,357,bus,26,0.65697986
2022-06-28 13:07:54.005543,357,car,100,0.6029991
2022-06-28 13:07:54.074199,358,person,228,0.7848306
2022-06-28 13:07:54.076202,359,person,229,0.7499916
2022-06-28 13:07:54.078202,360,car,101,0.690278
2022-06-28 13:07:54.081211,361,bus,27,0.6446993
2022-06-28 13:07:54.083204,361,car,101,0.62449986
2022-06-28 13:07:54.085213,361,car,101,0.606881
2022-06-28 13:07:54.164038,362,person,230,0.7722097
2022-06-28 13:07:54.167032,363,person,231,0.74035954
2022-06-28 13:07:54.169032,364,car,102,0.68339056
2022-06-28 13:07:54.173033,365,bus,28,0.6482992
2022-06-28 13:07:54.175034,365,car,102,0.6172627
2022-06-28 13:07:54.248945,366,person,232,0.7729058
2022-06-28 13:07:54.251945,367,person,233,0.7397484
2022-06-28 13:07:54.253947,368,car,103,0.68487567
2022-06-28 13:07:54.256947,369,bus,29,0.6448204
2022-06-28 13:07:54.259954,369,car,103,0.62351674
2022-06-28 13:07:54.262954,369,car,103,0.6025583
2022-06-28 13:07:54.340547,370,person,234,0.7661113
2022-06-28 13:07:54.343557,371,person,235,0.73656464
2022-06-28 13:07:54.345567,372,car,104,0.703661
2022-06-28 13:07:54.348475,373,bus,30,0.6399784
2022-06-28 13:07:54.351479,373,car,104,0.6137895
2022-06-28 13:07:54.353482,373,car,104,0.60957915
2022-06-28 13:07:54.442947,374,person,236,0.77111876
2022-06-28 13:07:54.444950,375,person,237,0.7371947
2022-06-28 13:07:54.447949,376,car,105,0.71723175
2022-06-28 13:07:54.449950,377,bus,31,0.62841964
2022-06-28 13:07:54.451959,377,car,105,0.6171254
2022-06-28 13:07:54.454957,377,car,105,0.6132825
2022-06-28 13:07:54.519913,378,person,238,0.76286346
2022-06-28 13:07:54.521927,379,person,239,0.704814
2022-06-28 13:07:54.524930,380,car,106,0.69701785
2022-06-28 13:07:54.527938,381,bus,32,0.65903497
2022-06-28 13:07:54.529941,381,car,106,0.60640293
2022-06-28 13:07:54.602255,382,person,240,0.7635788
2022-06-28 13:07:54.604273,383,person,241,0.70350784
2022-06-28 13:07:54.606259,384,car,107,0.69551194
2022-06-28 13:07:54.609268,385,bus,33,0.6575547
2022-06-28 13:07:54.611260,385,car,107,0.6078579
2022-06-28 13:07:54.686911,386,person,242,0.7562613
2022-06-28 13:07:54.690062,387,person,243,0.71270835
2022-06-28 13:07:54.693048,388,car,108,0.6895542
2022-06-28 13:07:54.697050,389,bus,34,0.65198493
2022-06-28 13:07:54.701055,389,car,108,0.6159872
2022-06-28 13:07:54.704050,389,car,108,0.6018789
2022-06-28 13:07:54.777991,390,person,244,0.7645573
2022-06-28 13:07:54.780000,391,person,245,0.7205638
2022-06-28 13:07:54.782992,392,car,109,0.6505614
2022-06-28 13:07:54.785992,393,bus,35,0.6129381
2022-06-28 13:07:54.788994,393,car,109,0.6128628
2022-06-28 13:07:54.880043,394,person,246,0.76431304
2022-06-28 13:07:54.884026,395,person,247,0.72330064
2022-06-28 13:07:54.888037,396,car,110,0.64995867
2022-06-28 13:07:54.891026,396,car,110,0.61150056
2022-06-28 13:07:54.894034,397,bus,36,0.60716146
2022-06-28 13:07:54.992509,398,person,248,0.7602117
2022-06-28 13:07:54.995521,399,person,249,0.7269268
2022-06-28 13:07:54.997351,400,car,111,0.66029716
2022-06-28 13:07:55.000342,401,bus,37,0.6278988
2022-06-28 13:07:55.002356,401,car,111,0.6089453
2022-06-28 13:07:55.005344,401,car,111,0.6050751
2022-06-28 13:07:55.092696,402,person,250,0.76046133
2022-06-28 13:07:55.094704,403,person,251,0.73329276
2022-06-28 13:07:55.097654,404,car,112,0.67662513
2022-06-28 13:07:55.099646,405,bus,38,0.67517316
2022-06-28 13:07:55.102649,405,car,112,0.6200207
2022-06-28 13:07:55.176496,406,person,252,0.75734085
2022-06-28 13:07:55.179417,407,person,253,0.71527195
2022-06-28 13:07:55.181420,408,car,113,0.70406586
2022-06-28 13:07:55.184419,409,bus,39,0.6667271
2022-06-28 13:07:55.186971,409,car,113,0.61452395
2022-06-28 13:07:55.284772,410,person,254,0.7568907
2022-06-28 13:07:55.287589,411,person,255,0.71562225
2022-06-28 13:07:55.290592,412,car,114,0.70400697
2022-06-28 13:07:55.292593,413,bus,40,0.6679696
2022-06-28 13:07:55.295598,413,car,114,0.6151936
2022-06-28 13:07:55.371665,414,person,256,0.74737775
2022-06-28 13:07:55.374675,415,car,115,0.7248808
2022-06-28 13:07:55.376308,416,person,257,0.69242305
2022-06-28 13:07:55.379398,417,bus,41,0.6773739
2022-06-28 13:07:55.381402,417,car,115,0.61147285
2022-06-28 13:07:55.454279,418,person,258,0.73875403
2022-06-28 13:07:55.457336,419,car,116,0.707295
2022-06-28 13:07:55.459334,420,person,259,0.6923174
2022-06-28 13:07:55.462339,421,bus,42,0.6836103
2022-06-28 13:07:55.556283,422,person,260,0.71742797
2022-06-28 13:07:55.558333,423,car,117,0.711049
2022-06-28 13:07:55.560326,424,bus,43,0.6982294
2022-06-28 13:07:55.563335,424,person,260,0.68486977
2022-06-28 13:07:55.635058,425,person,261,0.7188583
2022-06-28 13:07:55.637131,426,car,118,0.71112067
2022-06-28 13:07:55.640043,427,bus,44,0.69793946
2022-06-28 13:07:55.642045,427,person,261,0.685195
2022-06-28 13:07:55.735137,428,person,262,0.7136964
2022-06-28 13:07:55.737132,429,car,119,0.71019334
2022-06-28 13:07:55.740131,430,person,263,0.70905894
2022-06-28 13:07:55.742133,431,bus,45,0.6855283
2022-06-28 13:07:55.808169,431,person,263,0.7255208
2022-06-28 13:07:55.810172,432,car,120,0.7131611
2022-06-28 13:07:55.812183,433,person,264,0.71284455
2022-06-28 13:07:55.815183,434,bus,46,0.69083446
2022-06-28 13:07:55.818178,435,person,265,0.6011545
2022-06-28 13:07:55.890471,436,person,266,0.72933406
2022-06-28 13:07:55.892478,437,person,267,0.7151962
2022-06-28 13:07:55.895477,438,car,121,0.7140662
2022-06-28 13:07:55.899210,439,bus,47,0.69133776
2022-06-28 13:07:55.904207,440,person,268,0.6012543
2022-06-28 13:07:55.986693,441,person,269,0.7298357
2022-06-28 13:07:55.988344,442,car,122,0.7269313
2022-06-28 13:07:55.990337,443,person,270,0.72133386
2022-06-28 13:07:55.993338,444,bus,48,0.6877626
2022-06-28 13:07:55.996547,444,car,122,0.6009832
2022-06-28 13:07:56.078266,445,person,271,0.7395685
2022-06-28 13:07:56.081266,446,person,272,0.7273713
2022-06-28 13:07:56.082267,447,car,123,0.72270256
2022-06-28 13:07:56.085275,447,bus,48,0.6937422
2022-06-28 13:07:56.171384,448,person,273,0.74639595
2022-06-28 13:07:56.173387,449,person,274,0.73158693
2022-06-28 13:07:56.175926,450,car,124,0.7231486
2022-06-28 13:07:56.177920,450,bus,48,0.7053275
2022-06-28 13:07:56.254174,451,person,275,0.7431652
2022-06-28 13:07:56.257182,452,person,276,0.726437
2022-06-28 13:07:56.259188,453,car,125,0.7239829
2022-06-28 13:07:56.263177,453,bus,48,0.70494
2022-06-28 13:07:56.343116,454,person,277,0.7459018
2022-06-28 13:07:56.345127,455,person,278,0.7336728
2022-06-28 13:07:56.347114,456,car,126,0.7141925
2022-06-28 13:07:56.350115,456,bus,48,0.710991
2022-06-28 13:07:56.430579,457,person,279,0.7517904
2022-06-28 13:07:56.432599,458,person,280,0.7122891
2022-06-28 13:07:56.435602,459,car,127,0.7062288
2022-06-28 13:07:56.437693,459,bus,48,0.69970477
2022-06-28 13:07:56.439623,459,car,127,0.6080322
2022-06-28 13:07:56.517354,460,person,281,0.752254
2022-06-28 13:07:56.519391,461,person,282,0.71756655
2022-06-28 13:07:56.521394,462,car,128,0.70358723
2022-06-28 13:07:56.524395,462,bus,48,0.6996319
2022-06-28 13:07:56.528001,462,car,128,0.608342
2022-06-28 13:07:56.599749,463,person,283,0.73519045
2022-06-28 13:07:56.601761,464,person,284,0.7223842
2022-06-28 13:07:56.603769,465,bus,49,0.7215106
2022-06-28 13:07:56.607454,465,car,128,0.63940287
2022-06-28 13:07:56.610455,465,car,128,0.6027018
2022-06-28 13:07:56.675946,466,person,285,0.7327777
2022-06-28 13:07:56.679472,467,bus,50,0.7292876
2022-06-28 13:07:56.680474,467,person,285,0.72119766
2022-06-28 13:07:56.683474,468,car,129,0.636727
2022-06-28 13:07:56.756924,469,person,286,0.7486994
2022-06-28 13:07:56.759895,470,bus,51,0.7314187
2022-06-28 13:07:56.761895,470,person,286,0.72485375
2022-06-28 13:07:56.764904,471,car,130,0.64470613
2022-06-28 13:07:56.767898,472,person,287,0.6069589
2022-06-28 13:07:56.849124,473,person,288,0.7484061
2022-06-28 13:07:56.851133,474,bus,52,0.7312367
2022-06-28 13:07:56.853126,474,person,288,0.72695714
2022-06-28 13:07:56.855135,475,car,131,0.6447992
2022-06-28 13:07:56.858162,476,person,289,0.6094031
2022-06-28 13:07:56.930899,477,person,290,0.7604837
2022-06-28 13:07:56.933909,478,person,291,0.75567335
2022-06-28 13:07:56.934901,479,bus,53,0.717865
2022-06-28 13:07:57.009315,480,person,292,0.74083775
2022-06-28 13:07:57.011328,481,bus,54,0.72476536
2022-06-28 13:07:57.013329,481,person,292,0.7178285
2022-06-28 13:07:57.016321,482,car,132,0.66253954
2022-06-28 13:07:57.019322,482,car,132,0.6178015
2022-06-28 13:07:57.104369,483,person,293,0.74259305
2022-06-28 13:07:57.106344,484,bus,55,0.7252834
2022-06-28 13:07:57.108339,484,person,293,0.72242445
2022-06-28 13:07:57.110340,485,car,133,0.6623478
2022-06-28 13:07:57.112960,485,car,133,0.6165794
2022-06-28 13:07:57.194260,486,person,294,0.7442377
2022-06-28 13:07:57.197272,487,bus,56,0.733756
2022-06-28 13:07:57.199267,487,person,294,0.72314876
2022-06-28 13:07:57.202267,488,car,134,0.66595125
2022-06-28 13:07:57.206267,488,car,134,0.6354732
2022-06-28 13:07:57.286142,488,bus,56,0.7433261
2022-06-28 13:07:57.289036,489,person,295,0.7334937
2022-06-28 13:07:57.291038,490,person,296,0.7096693
2022-06-28 13:07:57.294048,491,car,135,0.66094
2022-06-28 13:07:57.297046,491,car,135,0.6455651
2022-06-28 13:07:57.301044,491,car,135,0.60882956
2022-06-28 13:07:57.304048,491,car,135,0.60215724
2022-06-28 13:07:57.385368,492,bus,57,0.72660834
2022-06-28 13:07:57.388177,493,person,297,0.722912
2022-06-28 13:07:57.391178,494,person,298,0.7027941
2022-06-28 13:07:57.395173,495,car,136,0.65845495
2022-06-28 13:07:57.398181,495,car,136,0.65424156
2022-06-28 13:07:57.401173,495,car,136,0.61220455
2022-06-28 13:07:57.404171,495,car,136,0.61027753
2022-06-28 13:07:57.407395,495,person,298,0.60514796
2022-06-28 13:07:57.486140,496,bus,58,0.72827387
2022-06-28 13:07:57.488637,497,person,299,0.7212319
2022-06-28 13:07:57.491646,498,person,300,0.69572
2022-06-28 13:07:57.493640,499,car,137,0.65997404
2022-06-28 13:07:57.496265,499,car,137,0.65425664
2022-06-28 13:07:57.499260,499,car,137,0.6132107
2022-06-28 13:07:57.502263,499,car,137,0.6110865
2022-06-28 13:07:57.504260,499,person,300,0.6028946
2022-06-28 13:07:57.579595,500,bus,59,0.72521996
2022-06-28 13:07:57.582576,501,person,301,0.71084505
2022-06-28 13:07:57.585576,502,person,302,0.69123495
2022-06-28 13:07:57.587692,503,car,138,0.6441472
2022-06-28 13:07:57.590578,503,car,138,0.6391454
2022-06-28 13:07:57.593580,503,car,138,0.6348895
2022-06-28 13:07:57.596528,503,car,138,0.6207228
2022-06-28 13:07:57.599495,503,person,302,0.61630034
2022-06-28 13:07:57.603496,504,car,139,0.6067942
2022-06-28 13:07:57.694332,505,bus,60,0.73969567
2022-06-28 13:07:57.697360,506,person,303,0.7149633
2022-06-28 13:07:57.700361,507,person,304,0.68382806
2022-06-28 13:07:57.703353,508,car,140,0.63316905
2022-06-28 13:07:57.705356,508,car,140,0.6309322
2022-06-28 13:07:57.708368,509,person,305,0.6302673
2022-06-28 13:07:57.711376,510,car,141,0.62348986
2022-06-28 13:07:57.714372,510,car,141,0.62026304
2022-06-28 13:07:57.717455,510,car,141,0.608458
2022-06-28 13:07:57.786125,511,bus,61,0.73975134
2022-06-28 13:07:57.789129,512,person,306,0.71634525
2022-06-28 13:07:57.791129,513,person,307,0.6832061
2022-06-28 13:07:57.794139,514,car,142,0.63307047
2022-06-28 13:07:57.797139,514,car,142,0.63096774
2022-06-28 13:07:57.800109,515,person,308,0.6259473
2022-06-28 13:07:57.803111,516,car,143,0.62305915
2022-06-28 13:07:57.805111,516,car,143,0.61992216
2022-06-28 13:07:57.808119,516,car,143,0.6076884
2022-06-28 13:07:57.889081,517,bus,62,0.7302847
2022-06-28 13:07:57.892086,518,person,309,0.70209074
2022-06-28 13:07:57.895087,519,person,310,0.66165763
2022-06-28 13:07:57.897223,520,car,144,0.6592522
2022-06-28 13:07:57.901229,520,car,144,0.63742095
2022-06-28 13:07:57.904227,521,person,311,0.63100576
2022-06-28 13:07:57.906221,522,car,145,0.6153123
2022-06-28 13:07:57.910222,522,car,145,0.6101071
2022-06-28 13:07:57.912230,522,car,145,0.6041703
2022-06-28 13:07:57.987344,523,bus,63,0.73734283
2022-06-28 13:07:57.990346,524,person,312,0.71432114
2022-06-28 13:07:57.993347,525,car,146,0.6685973
2022-06-28 13:07:57.996182,526,person,313,0.66276157
2022-06-28 13:07:57.999338,527,car,147,0.6407737
2022-06-28 13:07:58.002342,528,person,314,0.6282843
2022-06-28 13:07:58.005338,529,car,148,0.620462
2022-06-28 13:07:58.008344,529,car,148,0.6060186
2022-06-28 13:07:58.080678,530,bus,64,0.7423871
2022-06-28 13:07:58.083689,531,person,315,0.73499197
2022-06-28 13:07:58.086450,532,car,149,0.6936331
2022-06-28 13:07:58.089447,533,person,316,0.6698975
2022-06-28 13:07:58.092440,534,person,317,0.64819515
2022-06-28 13:07:58.095441,535,car,150,0.6439528
2022-06-28 13:07:58.098340,535,car,150,0.62693644
2022-06-28 13:07:58.101341,535,car,150,0.60507303
2022-06-28 13:07:58.172470,536,bus,65,0.74345917
2022-06-28 13:07:58.175474,537,person,318,0.7366847
2022-06-28 13:07:58.178116,538,car,151,0.69279665
2022-06-28 13:07:58.182111,539,person,319,0.6708928
2022-06-28 13:07:58.185119,540,person,320,0.6481866
2022-06-28 13:07:58.188118,541,car,152,0.6439555
2022-06-28 13:07:58.191135,541,car,152,0.62631416
2022-06-28 13:07:58.194153,541,car,152,0.6037524
2022-06-28 13:07:58.259632,542,person,321,0.7454457
2022-06-28 13:07:58.262158,543,bus,66,0.74388844
2022-06-28 13:07:58.265140,543,car,152,0.7148267
2022-06-28 13:07:58.268149,544,person,322,0.66945916
2022-06-28 13:07:58.271140,545,person,323,0.66734576
2022-06-28 13:07:58.273149,546,car,153,0.6506004
2022-06-28 13:07:58.276149,546,car,153,0.629326
2022-06-28 13:07:58.279141,546,car,153,0.62754977
2022-06-28 13:07:58.347961,547,person,324,0.7467072
2022-06-28 13:07:58.350974,548,bus,67,0.7324657
2022-06-28 13:07:58.353974,548,car,153,0.72814274
2022-06-28 13:07:58.356980,549,person,325,0.6658956
2022-06-28 13:07:58.358976,549,person,325,0.6531825
2022-06-28 13:07:58.361983,550,car,154,0.639111
2022-06-28 13:07:58.364979,550,car,154,0.63709277
2022-06-28 13:07:58.368084,550,car,154,0.62413085
2022-06-28 13:07:58.441091,551,person,326,0.7387373
2022-06-28 13:07:58.444092,552,bus,68,0.7378682
2022-06-28 13:07:58.446094,552,car,154,0.70912504
2022-06-28 13:07:58.449093,553,person,327,0.6698681
2022-06-28 13:07:58.451094,554,car,155,0.6539942
2022-06-28 13:07:58.454094,554,car,155,0.6262079
2022-06-28 13:07:58.457100,554,car,155,0.60905635
2022-06-28 13:07:58.531501,555,person,328,0.7387531
2022-06-28 13:07:58.534494,556,bus,69,0.7378116
2022-06-28 13:07:58.537301,556,car,155,0.70999825
2022-06-28 13:07:58.540302,557,person,329,0.67052644
2022-06-28 13:07:58.543310,558,car,156,0.65293944
2022-06-28 13:07:58.545303,558,car,156,0.6251571
2022-06-28 13:07:58.548334,558,car,156,0.60850817
2022-06-28 13:07:58.616872,559,person,330,0.7566214
2022-06-28 13:07:58.620863,560,bus,70,0.71412367
2022-06-28 13:07:58.623858,560,person,330,0.6856108
2022-06-28 13:07:58.625855,561,car,157,0.67775774
2022-06-28 13:07:58.628898,561,car,157,0.6712062
2022-06-28 13:07:58.632899,561,car,157,0.67081445
2022-06-28 13:07:58.634899,561,car,157,0.6195251
2022-06-28 13:07:58.637903,561,car,157,0.600255
2022-06-28 13:07:58.707422,561,bus,70,0.76765335
2022-06-28 13:07:58.711672,562,person,331,0.7629141
2022-06-28 13:07:58.713665,563,person,332,0.6863329
2022-06-28 13:07:58.717407,564,car,158,0.6731854
2022-06-28 13:07:58.719409,564,car,158,0.6637814
2022-06-28 13:07:58.722408,564,car,158,0.65486777
2022-06-28 13:07:58.725409,564,car,158,0.60022897
2022-06-28 13:07:58.798490,565,bus,71,0.7678615
2022-06-28 13:07:58.801491,566,person,333,0.7619622
2022-06-28 13:07:58.803492,567,person,334,0.6872817
2022-06-28 13:07:58.806495,568,car,159,0.6727657
2022-06-28 13:07:58.809772,568,car,159,0.6609142
2022-06-28 13:07:58.811772,568,car,159,0.65477633
2022-06-28 13:07:58.814771,568,car,159,0.60239774
2022-06-28 13:07:58.882091,569,person,335,0.7472786
2022-06-28 13:07:58.885101,570,bus,72,0.74281365
2022-06-28 13:07:58.887820,570,car,159,0.67832917
2022-06-28 13:07:58.890824,571,person,336,0.65965074
2022-06-28 13:07:58.892824,572,car,160,0.65943414
2022-06-28 13:07:58.895819,572,car,160,0.6543539
2022-06-28 13:07:58.972683,573,bus,73,0.7700866
2022-06-28 13:07:58.976197,574,person,337,0.75470024
2022-06-28 13:07:58.979323,575,car,161,0.7079403
2022-06-28 13:07:58.982317,576,person,338,0.65405506
2022-06-28 13:07:58.984327,577,car,162,0.6432067
2022-06-28 13:07:58.986397,577,car,162,0.6398228
